Cruise,Event#,StndLine,StndSta,CalcLine,CalcSta,DatePST,TimePST,DecLat,DecLon,Activity,Event,Operator,DateUTC,TimeUTC,Comments,Ord_Occ
1706,2,pre-stuff,,93,31.4,1-Jun-17,10:49:17 AM,32.84833,-117.6626,Ancillary,Test,CA,20,17:49:13,,1
1706,3,pre-stuff,,90.9,34.4,1-Jun-17,2:19:30 PM,33.11243,-118.1065,CTD,CTD DEPLOYED,2M,1-Jun-17,21:19:29,SEA CONDITIONS: Calm;DAY/NIGHT: Day,1
1706,4,pre-stuff,,90.9,34.4,1-Jun-17,2:38:41 PM,33.11242,-118.1066,CTD,CTD AT DEPTH,2M,1-Jun-17,21:38:39,,1
1706,5,pre-stuff,,90.9,34.4,1-Jun-17,3:03:49 PM,33.11242,-118.1066,CTD,CTD RECOVERED,2M,1-Jun-17,22:03:50,SEA CONDITIONS: Calm;CYCLE: Before;DAY/NIGHT: Day,1
1706,6,pre-stuff,,90.9,34.4,1-Jun-17,3:54:17 PM,33.11241,-118.1066,Ancillary,TRACE ROSETTE DEPLOYED,CM,1-Jun-17,22:54:21,,1
1706,7,pre-stuff,,90.9,34.4,1-Jun-17,4:17:11 PM,33.11243,-118.1066,Ancillary,TRACE ROSETTE RECOVERED,CM,1-Jun-17,23:17:09,SEA CONDITIONS: Calm;DAY/NIGHT: Day,1
1706,8,pre-stuff,,90.9,34.4,1-Jun-17,4:54:38 PM,33.11195,-118.1077,BONGO,BONGO DEPLOYED,CM,1-Jun-17,23:54:37,SEA CONDITIONS: Calm;DAY/NIGHT: Day,1
1706,9,pre-stuff,,90.9,34.6,1-Jun-17,5:19:47 PM,33.10842,-118.1146,BONGO,BONGO RECOVERED,3M,2-Jun-17,0:19:47,SEA CONDITIONS: Calm;DAY/NIGHT: Day,1
1706,10,pre-stuff,,90.9,34.6,1-Jun-17,5:41:08 PM,33.10842,-118.1188,Ancillary,MVP DEPLOYED,CM,2-Jun-17,0:41:09,SEA CONDITIONS: Calm;DAY/NIGHT: Day,1
1706,11,pre-stuff,,90.6,35.5,1-Jun-17,6:23:30 PM,33.12983,-118.2124,Ancillary,MVP RECOVERED,CM,2-Jun-17,1:23:28,,1
1706,12,pre-stuff,,90.6,35.5,1-Jun-17,7:16:27 PM,33.1314,-118.2197,Ancillary,MOCNESS DEPLOYED,CM,2-Jun-17,2:16:27,SEA CONDITIONS: Calm;DAY/NIGHT: Day,1
1706,13,pre-stuff,,90.6,35.8,1-Jun-17,8:03:26 PM,33.1177,-118.2381,Ancillary,MOCNESS RECOVERED,3M,2-Jun-17,3:03:23,SEA CONDITIONS: Calm;DAY/NIGHT: Day,1
1706,14,pre-stuff,,81.8,46.9,2-Jun-17,9:12:39 AM,34.27475,-120.0233,CTD,CTD DEPLOYED,3M,2-Jun-17,16:12:40,SEA CONDITIONS: Calm;DAY/NIGHT: Day;CYCLE: During,1
1706,15,pre-stuff,,81.8,46.9,2-Jun-17,9:35:17 AM,34.27474,-120.0233,CTD,CTD AT DEPTH,3M,2-Jun-17,16:35:15,,1
1706,16,pre-stuff,,81.8,46.9,2-Jun-17,10:01:09 AM,34.27477,-120.0233,CTD,CTD RECOVERED,3M,2-Jun-17,17:01:08,,1
1706,17,pre-stuff,,81.8,46.8,2-Jun-17,10:17:10 AM,34.27678,-120.0177,BONGO,BONGO DEPLOYED,3M,2-Jun-17,17:17:07,DAY/NIGHT: Day; SEA CONDITIONS: Calm;CYCLE: During,1
1706,18,pre-stuff,,81.8,46.7,2-Jun-17,10:40:50 AM,34.28098,-120.0102,BONGO,BONGO RECOVERED,3M,2-Jun-17,17:40:48,,1
1706,19,pre-stuff,,81.8,46.7,2-Jun-17,10:54:26 AM,34.28045,-120.0132,Ancillary,RING NET DEPLOYED,3M,2-Jun-17,17:54:21,DAY/NIGHT: Day; SEA CONDITIONS: Calm;CYCLE: During,1
1706,20,pre-stuff,,81.8,46.9,2-Jun-17,11:32:49 AM,34.27555,-120.0246,Ancillary,RING NET RECOVERED,3M,2-Jun-17,18:32:47,,1
1706,21,pre-stuff,,81.8,46.9,2-Jun-17,11:57:00 AM,34.27483,-120.023,Ancillary,TRACE ROSETTE DEPLOYED,2M,2-Jun-17,18:57:01,,1
1706,22,pre-stuff,,81.8,46.9,2-Jun-17,12:48:47 PM,34.2748,-120.023,Ancillary,TRACE ROSETTE RECOVERED,2M,2-Jun-17,19:48:44,,1
1706,23,pre-stuff,,81.8,46.9,2-Jun-17,2:32:06 PM,34.27478,-120.0231,Ancillary,TRACE ROSETTE DEPLOYED,2M,2-Jun-17,21:32:03,,1
1706,24,pre-stuff,,81.8,46.9,2-Jun-17,3:21:32 PM,34.2748,-120.023,Ancillary,TRACE ROSETTE RECOVERED,2M,2-Jun-17,22:21:29,,1
1706,25,seasoar1,,80.5,55.1,2-Jun-17,8:36:05 PM,34.23217,-120.7561,Ancillary,SEASOAR DEPLOYED,3M,3-Jun-17,3:36:06,SEA CONDITIONS: Moderate;DAY/NIGHT: Night,1
1706,124,seasoar1,,79.9,68,6-Jun-17,1:50:06 PM,33.89398,-121.7103,Ancillary,SEASOAR RECOVERED,CA,6-Jun-17,20:50:14,,1
1706,125,Cycle 1,,79.9,68,6-Jun-17,2:05:32 PM,33.89521,-121.7139,Ancillary,RING NET DEPLOYED,2M,6-Jun-17,21:05:35,,1
1706,126,Cycle 1,,79.9,68.1,6-Jun-17,2:48:01 PM,33.89695,-121.7276,Ancillary,RING NET RECOVERED,2M,6-Jun-17,21:48:10,,1
1706,127,Cycle 1,,79.9,68.1,6-Jun-17,3:20:55 PM,33.89692,-121.7279,CTD,CTD DEPLOYED,2M,6-Jun-17,22:21:04,,1
1706,128,Cycle 1,,79.9,68.1,6-Jun-17,3:44:43 PM,33.89693,-121.7279,CTD,CTD AT DEPTH,2M,6-Jun-17,22:44:49,,1
1706,129,Cycle 1,,79.9,68.1,6-Jun-17,4:14:58 PM,33.8969,-121.7279,CTD,CTD RECOVERED,CM,6-Jun-17,23:15:05,,1
1706,130,transect1,,76.4,57.5,7-Jun-17,6:33:39 PM,34.85434,-121.4112,CTD,CTD DEPLOYED,CM,8-Jun-17,1:33:48,SEA CONDITIONS: Calm;DAY/NIGHT: Day,1
1706,131,transect1,,76.4,57.5,7-Jun-17,6:55:58 PM,34.85328,-121.4116,CTD,CTD RECOVERED,CM,8-Jun-17,1:56:01,SEA CONDITIONS: Calm;DAY/NIGHT: Day,1
1706,132,transect1,,76.4,57.5,7-Jun-17,7:04:04 PM,34.85328,-121.4116,Ancillary,TRACE ROSETTE DEPLOYED,CM,8-Jun-17,2:04:15,,1
1706,133,transect1,,76.4,57.5,7-Jun-17,7:29:33 PM,34.85331,-121.4116,Ancillary,TRACE ROSETTE RECOVERED,CM,8-Jun-17,2:29:42,SEA CONDITIONS: Calm;DAY/NIGHT: Day,1
1706,134,transect1,,76.4,57.5,7-Jun-17,7:38:34 PM,34.85329,-121.4116,BONGO,BONGO DEPLOYED,CM,8-Jun-17,2:38:35,SEA CONDITIONS: Calm;DAY/NIGHT: Day,1
1706,135,transect1,,76.4,57.5,7-Jun-17,7:47:25 PM,34.85316,-121.4115,BONGO,BONGO RECOVERED,CM,8-Jun-17,2:47:34,,1
1706,136,transect1,,76.2,57.5,7-Jun-17,8:15:10 PM,34.88461,-121.426,CTD,CTD DEPLOYED,3M,8-Jun-17,3:15:19,,1
1706,137,transect1,,76.2,57.5,7-Jun-17,8:25:09 PM,34.88441,-121.426,CTD,CTD AT DEPTH,3M,8-Jun-17,3:25:14,,1
1706,138,transect1,,76.2,57.5,7-Jun-17,8:37:16 PM,34.88441,-121.426,CTD,CTD RECOVERED,3M,8-Jun-17,3:37:21,,1
1706,139,transect1,,76.2,57.5,7-Jun-17,8:53:21 PM,34.88442,-121.4259,BONGO,BONGO DEPLOYED,3M,8-Jun-17,3:53:28,,1
1706,140,transect1,,76.2,57.5,7-Jun-17,8:53:25 PM,34.88445,-121.4259,BONGO,BONGO RECOVERED,3M,8-Jun-17,3:53:34,,1
1706,139,transect1,,76.2,57.5,7-Jun-17,9:21:39 PM,34.88442,-121.4259,CTD,CTD DEPLOYED,3M,8-Jun-17,3:53:28,,1
1706,141,transect1,,76.1,57.4,7-Jun-17,9:21:57 PM,34.91542,-121.4418,CTD,CTD DEPLOYED,3M,8-Jun-17,4:22:03,,1
1706,139,transect1,,76.1,57.4,7-Jun-17,9:33:31 PM,34.88442,-121.4259,CTD,CTD DEPLOYED,3M,8-Jun-17,3:53:28,,1
1706,142,transect1,,76.1,57.4,7-Jun-17,9:43:20 PM,34.91533,-121.4419,CTD,CTD RECOVERED,3M,8-Jun-17,4:43:29,,1
1706,143,transect1,,76.1,57.4,7-Jun-17,9:52:27 PM,34.91528,-121.4419,BONGO,BONGO DEPLOYED,3M,8-Jun-17,4:52:33,,1
1706,144,transect1,,76.1,57.4,7-Jun-17,9:58:33 PM,34.91504,-121.4415,BONGO,BONGO RECOVERED,3M,8-Jun-17,4:58:35,,1
1706,145,transect1,,76.1,57.4,7-Jun-17,10:01:20 PM,34.9152,-121.4416,Ancillary,OTHER,3M,8-Jun-17,5:01:28,tm pole,1
1706,146,transect1,,75.9,57.3,7-Jun-17,10:35:53 PM,34.94634,-121.4564,CTD,CTD DEPLOYED,3M,8-Jun-17,5:36:03,,1
1706,147,transect1,,75.9,57.3,7-Jun-17,10:38:11 PM,34.94635,-121.4564,CTD,CTD RECOVERED,3M,8-Jun-17,5:38:15,,1
1706,148,transect1,,75.9,57.3,7-Jun-17,10:40:29 PM,34.94635,-121.4564,CTD,CTD DEPLOYED,3M,8-Jun-17,5:40:33,,1
1706,149,transect1,,75.9,57.3,7-Jun-17,10:53:43 PM,34.94633,-121.4564,CTD,CTD AT DEPTH,3M,8-Jun-17,5:53:52,,1
1706,150,transect1,,75.9,57.3,7-Jun-17,11:06:14 PM,34.94629,-121.4566,CTD,CTD RECOVERED,3M,8-Jun-17,6:06:20,,1
1706,151,transect1,,75.9,57.3,7-Jun-17,11:20:31 PM,34.94568,-121.4571,BONGO,BONGO DEPLOYED,3M,8-Jun-17,6:20:39,,1
1706,152,transect1,,75.9,57.3,7-Jun-17,11:20:39 PM,34.94568,-121.4571,BONGO,BONGO RECOVERED,3M,8-Jun-17,6:20:39,,1
1706,153,transect1,,75.9,57.3,7-Jun-17,11:27:14 PM,34.94651,-121.4577,Ancillary,OTHER,3M,8-Jun-17,6:27:21,tm sample,1
1706,154,transect1,,75.8,57.3,8-Jun-17,12:00:08 AM,34.97707,-121.4714,CTD,CTD DEPLOYED,2M,8-Jun-17,7:00:10,,1
1706,155,transect1,,75.8,57.3,8-Jun-17,12:10:44 AM,34.97707,-121.4714,CTD,CTD AT DEPTH,2M,8-Jun-17,7:10:46,,1
1706,156,transect1,,75.8,57.3,8-Jun-17,12:23:57 AM,34.97709,-121.4714,CTD,CTD RECOVERED,2M,8-Jun-17,7:24:05,,1
1706,157,transect1,,75.8,57.3,8-Jun-17,12:29:25 AM,34.97708,-121.4714,Ancillary,TRACE ROSETTE DEPLOYED,2M,8-Jun-17,7:29:31,,1
1706,158,transect1,,75.8,57.3,8-Jun-17,12:52:52 AM,34.97709,-121.4715,Ancillary,TRACE ROSETTE RECOVERED,2M,8-Jun-17,7:52:59,,1
1706,159,transect1,,75.8,57.3,8-Jun-17,1:04:05 AM,34.97702,-121.4713,BONGO,BONGO DEPLOYED,2M,8-Jun-17,8:04:12,,1
1706,160,transect1,,75.8,57.3,8-Jun-17,1:09:27 AM,34.97688,-121.4715,BONGO,BONGO RECOVERED,2M,8-Jun-17,8:09:37,,1
1706,161,transect1,,75.6,57.2,8-Jun-17,1:38:21 AM,35.00877,-121.4864,CTD,CTD DEPLOYED,2M,8-Jun-17,8:38:26,,1
1706,162,transect1,,75.6,57.2,8-Jun-17,1:49:01 AM,35.00859,-121.4865,CTD,CTD AT DEPTH,2M,8-Jun-17,8:49:07,,1
1706,163,transect1,,75.6,57.2,8-Jun-17,2:01:10 AM,35.00845,-121.4864,CTD,CTD RECOVERED,2M,8-Jun-17,9:01:19,,1
1706,164,transect1,,75.6,57.2,8-Jun-17,2:12:17 AM,35.00836,-121.4862,Ancillary,TRACE ROSETTE DEPLOYED,2M,8-Jun-17,9:12:27,,1
1706,165,transect1,,75.6,57.2,8-Jun-17,2:36:02 AM,35.00834,-121.4861,Ancillary,TRACE ROSETTE RECOVERED,2M,8-Jun-17,9:36:05,,1
1706,166,transect1,,75.6,57.2,8-Jun-17,2:42:13 AM,35.00834,-121.4861,BONGO,BONGO DEPLOYED,2M,8-Jun-17,9:42:22,,1
1706,167,transect1,,75.6,57.2,8-Jun-17,2:51:20 AM,35.00802,-121.4862,BONGO,BONGO RECOVERED,2M,8-Jun-17,9:51:27,,1
1706,168,transect1,,75.4,57.1,8-Jun-17,3:22:31 AM,35.03855,-121.5015,CTD,CTD DEPLOYED,2M,8-Jun-17,10:22:39,,1
1706,169,transect1,,75.4,57.1,8-Jun-17,3:32:50 AM,35.03875,-121.5018,CTD,CTD AT DEPTH,2M,8-Jun-17,10:32:54,,1
1706,170,transect1,,75.4,57.1,8-Jun-17,3:45:21 AM,35.03889,-121.5019,CTD,CTD RECOVERED,CA,8-Jun-17,10:45:28,,1
1706,171,transect1,,75.4,57.1,8-Jun-17,3:51:59 AM,35.03892,-121.5019,BONGO,BONGO DEPLOYED,CA,8-Jun-17,10:52:05,,1
1706,172,transect1,,75.4,57.1,8-Jun-17,3:58:26 AM,35.03893,-121.5021,BONGO,BONGO RECOVERED,CA,8-Jun-17,10:58:32,,1
1706,173,transect1,,75.4,57.1,8-Jun-17,4:03:22 AM,35.03979,-121.5021,Ancillary,OTHER,CA,8-Jun-17,11:03:32,,1
1706,174,transect1,,75.3,57,8-Jun-17,4:26:51 AM,35.0705,-121.5167,CTD,CTD DEPLOYED,CA,8-Jun-17,11:26:57,TMpole,1
1706,175,transect1,,75.3,57.1,8-Jun-17,4:28:42 AM,35.07035,-121.5167,CTD,CTD AT DEPTH,CA,8-Jun-17,11:28:48,,1
1706,176,transect1,,75.3,57.1,8-Jun-17,4:40:28 AM,35.07012,-121.5165,CTD,CTD AT DEPTH,CA,8-Jun-17,11:40:31,,1
1706,177,transect1,,75.3,57.1,8-Jun-17,4:48:55 AM,35.07018,-121.5166,CTD,CTD RECOVERED,CA,8-Jun-17,11:49:06,,1
1706,178,transect1,,75.3,57.1,8-Jun-17,4:55:52 AM,35.07016,-121.5166,BONGO,BONGO DEPLOYED,CA,8-Jun-17,11:55:58,,1
1706,179,transect1,,75.3,57.1,8-Jun-17,5:04:40 AM,35.07014,-121.5173,BONGO,BONGO RECOVERED,CA,8-Jun-17,12:04:48,,1
1706,180,transect1,,75.3,57.1,8-Jun-17,5:06:44 AM,35.07041,-121.5173,Ancillary,OTHER,CA,8-Jun-17,12:06:55,TM Pole,1
1706,181,transect1,,75.1,57,8-Jun-17,5:27:06 AM,35.10089,-121.5325,CTD,CTD DEPLOYED,CA,8-Jun-17,12:27:16,,1
1706,182,transect1,,75.1,57,8-Jun-17,5:39:32 AM,35.10133,-121.5322,CTD,CTD AT DEPTH,CA,8-Jun-17,12:39:39,,1
1706,183,transect1,,75.1,57,8-Jun-17,5:49:42 AM,35.10155,-121.5322,CTD,CTD RECOVERED,CA,8-Jun-17,12:49:49,,1
1706,184,transect1,,75.1,57,8-Jun-17,5:55:14 AM,35.10151,-121.5322,BONGO,BONGO DEPLOYED,CA,8-Jun-17,12:55:20,,1
1706,185,transect1,,75.1,57,8-Jun-17,6:02:33 AM,-99,-99,BONGO,BONGO RECOVERED,CA,8-Jun-17,,,1
1706,186,transect1,,75.1,57,8-Jun-17,6:07:18 AM,35.10212,-121.5322,Ancillary,OTHER,CA,8-Jun-17,13:07:27,TM Pole,1
1706,187,transect1,,74.9,56.9,8-Jun-17,6:28:06 AM,35.13217,-121.5477,CTD,CTD DEPLOYED,CA,8-Jun-17,13:28:13,,1
1706,188,transect1,,74.9,56.9,8-Jun-17,6:38:57 AM,35.13227,-121.5473,CTD,CTD AT DEPTH,CA,8-Jun-17,13:39:00,,1
1706,189,transect1,,74.9,56.9,8-Jun-17,6:49:38 AM,35.13227,-121.5473,CTD,CTD RECOVERED,CA,8-Jun-17,13:49:41,,1
1706,190,transect1,,74.9,56.9,8-Jun-17,6:56:44 AM,35.13227,-121.5472,Ancillary,TRACE ROSETTE DEPLOYED,CA,8-Jun-17,13:56:54,,1
1706,191,transect1,,74.9,56.9,8-Jun-17,7:22:55 AM,35.13229,-121.5472,Ancillary,TRACE ROSETTE RECOVERED,CA,8-Jun-17,14:23:01,,1
1706,192,transect1,,74.9,56.9,8-Jun-17,7:25:46 AM,35.13223,-121.5472,BONGO,BONGO DEPLOYED,CA,8-Jun-17,14:25:54,,1
1706,193,transect1,,74.9,56.9,8-Jun-17,7:36:15 AM,35.13229,-121.5474,BONGO,BONGO RECOVERED,CA,8-Jun-17,14:36:19,,1
1706,194,transect1,,74.7,56.8,8-Jun-17,8:00:15 AM,35.16468,-121.5635,CTD,CTD DEPLOYED,3M,8-Jun-17,15:00:18,,1
1706,195,transect1,,74.7,56.8,8-Jun-17,8:10:48 AM,35.16462,-121.5631,CTD,CTD AT DEPTH,3M,8-Jun-17,15:10:55,,1
1706,196,transect1,,74.8,56.8,8-Jun-17,8:22:11 AM,35.1646,-121.563,CTD,CTD RECOVERED,3M,8-Jun-17,15:22:22,,1
1706,197,transect1,,74.8,56.8,8-Jun-17,8:28:57 AM,35.1645,-121.563,BONGO,BONGO DEPLOYED,3M,8-Jun-17,15:29:09,,1
1706,198,transect1,,74.8,56.8,8-Jun-17,8:38:00 AM,35.16449,-121.5631,BONGO,BONGO RECOVERED,3M,8-Jun-17,15:38:08,,1
1706,199,transect1,,74.3,56.7,8-Jun-17,12:02:03 PM,35.24641,-121.6027,Ancillary,MVP DEPLOYED,2M,8-Jun-17,19:02:12,,1
1706,200,transect1,,77.1,57.9,8-Jun-17,3:53:06 PM,34.71626,-121.3472,Ancillary,MVP RECOVERED,CM,8-Jun-17,22:53:16,SEA CONDITIONS: Calm;DAY/NIGHT: Day,1
1706,201,transect1,,76.2,52.5,8-Jun-17,6:19:47 PM,35.05771,-121.0833,Ancillary,MVP DEPLOYED,CM,9-Jun-17,1:19:53,SEA CONDITIONS: Calm;DAY/NIGHT: Day,1
1706,202,transect1,,76,51.6,8-Jun-17,10:40:59 PM,35.13133,-121.0476,Ancillary,MVP RECOVERED,3M,9-Jun-17,5:41:08,,1
1706,203,Cycle 1,,76.2,52.5,9-Jun-17,1:22:38 AM,35.06498,-121.0918,Ancillary,SEDIMENT TRAP DEPLOYED,2M,9-Jun-17,8:22:47,,1
1706,204,Cycle 1,,76.1,52.5,9-Jun-17,2:19:16 AM,35.06715,-121.0926,CTD,CTD DEPLOYED,2M,9-Jun-17,9:19:22,,1
1706,205,Cycle 1,,76.1,52.5,9-Jun-17,2:31:57 AM,35.0671,-121.0926,CTD,CTD AT DEPTH,2M,9-Jun-17,9:32:05,,1
1706,206,Cycle 1,,76.1,52.5,9-Jun-17,2:55:47 AM,35.06741,-121.0929,CTD,CTD RECOVERED,2M,9-Jun-17,9:55:54,,1
1706,207,Cycle 1,,76.1,52.5,9-Jun-17,3:03:17 AM,35.068,-121.0937,Ancillary,TRACE ROSETTE DEPLOYED,2M,9-Jun-17,10:03:22,,1
1706,208,Cycle 1,,76.1,52.5,9-Jun-17,3:23:04 AM,35.068,-121.0937,Ancillary,TRACE ROSETTE RECOVERED,2M,9-Jun-17,10:23:13,,1
1706,209,Cycle 1,,76.1,52.5,9-Jun-17,4:56:00 AM,35.06916,-121.0945,TOWEDARRAY,DRIFTARRAY DEPLOYED,CA,9-Jun-17,11:56:09,,1
1706,210,Cycle 1,,76.2,52.5,9-Jun-17,6:17:33 AM,35.06483,-121.0909,Ancillary,TRACE ROSETTE DEPLOYED,CA,9-Jun-17,13:17:44,,1
1706,211,Cycle 1,,76.2,52.6,9-Jun-17,6:53:35 AM,35.06187,-121.092,Ancillary,TRACE ROSETTE RECOVERED,CA,9-Jun-17,13:53:42,,1
1706,212,Cycle 1,,76.2,52.7,9-Jun-17,8:38:03 AM,35.05451,-121.0948,BONGO,BONGO DEPLOYED,3M,9-Jun-17,15:38:09,CYCLE: During;DAY/NIGHT: Day; SEA CONDITIONS: Calm,1
1706,213,Cycle 1,,76.1,52.7,9-Jun-17,9:05:02 AM,35.06073,-121.1057,BONGO,BONGO RECOVERED,3M,9-Jun-17,16:05:07,,1
1706,214,Cycle 1,,76.2,52.7,9-Jun-17,9:43:03 AM,35.056,-121.0997,BONGO,BONGO DEPLOYED,3M,9-Jun-17,16:43:11,,1
1706,215,Cycle 1,,76.1,52.7,9-Jun-17,10:08:54 AM,35.06284,-121.1094,BONGO,BONGO RECOVERED,3M,9-Jun-17,17:08:58,,1
1706,216,Cycle 1,,76.1,52.7,9-Jun-17,11:03:08 AM,35.06319,-121.1092,CTD,CTD DEPLOYED,3M,9-Jun-17,18:03:19,,1
1706,217,Cycle 1,,76.1,52.7,9-Jun-17,11:17:22 AM,35.06317,-121.1092,CTD,CTD AT DEPTH,3M,9-Jun-17,18:17:34,,1
1706,218,Cycle 1,,76.1,52.7,9-Jun-17,11:46:38 AM,35.06317,-121.1092,CTD,CTD RECOVERED,3M,9-Jun-17,18:46:43,,1
1706,219,Cycle 1,,76.2,52.7,9-Jun-17,1:42:28 PM,35.04669,-121.0966,Ancillary,MOCNESS DEPLOYED,2M,9-Jun-17,20:42:36,,1
1706,220,Cycle 1,,76.1,53.4,9-Jun-17,3:22:51 PM,35.04331,-121.1549,Ancillary,MOCNESS RECOVERED,2M,9-Jun-17,22:22:58,,1
1706,221,Cycle 1,,76,52.9,9-Jun-17,4:47:50 PM,35.07388,-121.1281,Ancillary,C FLUX EXP DEPLOYED,CM,9-Jun-17,23:48:01,SEA CONDITIONS: Moderate;DAY/NIGHT: Day,1
1706,222,Cycle 1,,76,52.9,9-Jun-17,5:47:50 PM,35.07318,-121.1279,Ancillary,C FLUX EXP DEPLOYED,CM,10-Jun-17,0:47:59,,1
1706,223,Cycle 1,,76.1,52.9,9-Jun-17,6:28:39 PM,35.06729,-121.1276,CTD,CTD DEPLOYED,CM,10-Jun-17,1:28:51,,1
1706,224,Cycle 1,,76.1,52.9,9-Jun-17,6:43:13 PM,35.06729,-121.1276,CTD,CTD AT DEPTH,CM,10-Jun-17,1:43:21,,1
1706,225,Cycle 1,,76.1,52.9,9-Jun-17,7:05:58 PM,35.06729,-121.1276,CTD,CTD RECOVERED,CM,10-Jun-17,2:06:09,SEA CONDITIONS: Moderate;DAY/NIGHT: Day,1
1706,226,Cycle 1,,76.1,53,9-Jun-17,8:06:30 PM,35.06524,-121.1327,CTD,CTD DEPLOYED,CM,10-Jun-17,3:06:41,,1
1706,227,Cycle 1,,76.1,53,9-Jun-17,8:13:19 PM,35.06524,-121.1327,CTD,CTD AT DEPTH,3M,10-Jun-17,3:13:28,,1
1706,228,Cycle 1,,76.1,53,9-Jun-17,8:22:44 PM,35.06524,-121.1327,CTD,CTD RECOVERED,3M,10-Jun-17,3:22:53,,1
1706,229,Cycle 1,,76.1,53,9-Jun-17,9:35:08 PM,35.05415,-121.1305,BONGO,BONGO DEPLOYED,3M,10-Jun-17,4:35:22,,1
1706,230,Cycle 1,,76.1,53.1,9-Jun-17,9:59:42 PM,35.05678,-121.1403,BONGO,BONGO RECOVERED,3M,10-Jun-17,4:59:52,,1
1706,231,Cycle 1,,76.2,52.8,9-Jun-17,10:45:44 PM,35.04454,-121.1062,Ancillary,MOCNESS DEPLOYED,3M,10-Jun-17,5:45:57,,1
1706,232,Cycle 1,,76.1,53.2,10-Jun-17,12:00:08 AM,35.05763,-121.1512,Ancillary,MOCNESS RECOVERED,2M,10-Jun-17,7:00:17,,1
1706,233,Cycle 1,,76.1,53.2,10-Jun-17,2:03:53 AM,35.04799,-121.1369,CTD,CTD DEPLOYED,2M,10-Jun-17,9:04:03,,1
1706,234,Cycle 1,,76.1,53.2,10-Jun-17,2:17:37 AM,35.04799,-121.1369,CTD,CTD AT DEPTH,2M,10-Jun-17,9:17:47,,1
1706,235,Cycle 1,,76.1,53.2,10-Jun-17,2:43:11 AM,35.04798,-121.1369,CTD,CTD RECOVERED,2M,10-Jun-17,9:43:18,,1
1706,236,Cycle 1,,76.1,53.2,10-Jun-17,3:03:17 AM,35.04835,-121.1375,Ancillary,OTHER,2M,10-Jun-17,10:03:29,TM BOTTLES ON WEIGTED LINE/MESSENGER CAST-DEPLOYED,1
1706,237,Cycle 1,,76.1,53.2,10-Jun-17,3:23:21 AM,35.04836,-121.1375,Ancillary,OTHER,2M,10-Jun-17,10:23:30,RECOVERED TM BOTTLES ON LINE CAST,1
1706,238,Cycle 1,,76.1,53.4,10-Jun-17,4:36:50 AM,35.04186,-121.1526,TOWEDARRAY,DRIFTARRAY RECOVERED,2M,10-Jun-17,11:36:59,,1
1706,239,Cycle 1,,76.1,53.4,10-Jun-17,4:48:46 AM,35.04116,-121.1529,TOWEDARRAY,DRIFTARRAY DEPLOYED,2M,10-Jun-17,11:48:51,,1
1706,240,Cycle 1,,76.1,53.5,10-Jun-17,5:53:08 AM,35.03613,-121.1568,Ancillary,OTHER,2M,10-Jun-17,12:53:14,TM GOFLO START,1
1706,241,Cycle 1,,76.2,53.5,10-Jun-17,6:44:54 AM,35.03242,-121.1586,Ancillary,OTHER,CA,10-Jun-17,13:44:57,,1
1706,242,Cycle 1,,76.2,53.6,10-Jun-17,8:39:08 AM,35.01948,-121.1585,BONGO,BONGO DEPLOYED,3M,10-Jun-17,15:39:18,CYCLE: During;DAY/NIGHT: Day; SEA CONDITIONS: Moderate,1
1706,243,Cycle 1,,76.2,53.6,10-Jun-17,9:03:21 AM,35.02314,-121.1659,BONGO,BONGO RECOVERED,3M,10-Jun-17,16:03:34,,1
1706,244,Cycle 1,,76.2,53.6,10-Jun-17,9:38:08 AM,35.0187,-121.156,BONGO,BONGO DEPLOYED,3M,10-Jun-17,16:38:14,,1
1706,245,Cycle 1,,76.2,53.6,10-Jun-17,10:03:20 AM,35.02106,-121.1626,BONGO,BONGO RECOVERED,3M,10-Jun-17,17:03:30,,1
1706,246,Cycle 1,,76.2,53.6,10-Jun-17,11:04:18 AM,35.01295,-121.1569,CTD,CTD DEPLOYED,3M,10-Jun-17,18:04:27,,1
1706,247,Cycle 1,,76.2,53.7,10-Jun-17,11:19:07 AM,35.01155,-121.1583,CTD,CTD AT DEPTH,3M,10-Jun-17,18:19:17,,1
1706,248,Cycle 1,,76.3,53.7,10-Jun-17,11:50:16 AM,35.00975,-121.16,CTD,CTD RECOVERED,2M,10-Jun-17,18:50:30,,1
1706,249,Cycle 1,,76.4,53.5,10-Jun-17,1:16:28 PM,34.98608,-121.1303,Ancillary,MOCNESS DEPLOYED,2M,10-Jun-17,20:16:39,,1
1706,250,Cycle 1,,76.3,54,10-Jun-17,2:29:39 PM,34.99596,-121.1755,Ancillary,MOCNESS RECOVERED,2M,10-Jun-17,21:29:50,,1
1706,251,Cycle 1,,76.3,53.8,10-Jun-17,4:20:23 PM,34.99784,-121.165,Ancillary,C FLUX EXP RECOVERED,CM,10-Jun-17,23:20:31,,1
1706,252,Cycle 1,,76.1,53.8,10-Jun-17,5:12:00 PM,35.03406,-121.1862,Ancillary,C FLUX EXP RECOVERED,CM,11-Jun-17,0:12:09,,1
1706,253,Cycle 1,,76.2,53.9,10-Jun-17,6:57:34 PM,35.00874,-121.1769,Ancillary,C FLUX EXP DEPLOYED,CM,11-Jun-17,1:57:44,,1
1706,254,Cycle 1,,76.3,53.8,10-Jun-17,7:55:22 PM,35.00003,-121.1686,Ancillary,C FLUX EXP DEPLOYED,3M,11-Jun-17,2:55:33,,1
1706,255,Cycle 1,,76.4,53.8,10-Jun-17,8:13:41 PM,34.98912,-121.1554,CTD,CTD DEPLOYED,3M,11-Jun-17,3:13:53,,1
1706,256,Cycle 1,,76.4,53.8,10-Jun-17,8:27:43 PM,34.98914,-121.1554,CTD,CTD AT DEPTH,3M,11-Jun-17,3:27:52,,1
1706,257,Cycle 1,,76.4,53.8,10-Jun-17,8:41:33 PM,34.98915,-121.1554,CTD,CTD RECOVERED,3M,11-Jun-17,3:41:42,,1
1706,258,Cycle 1,,76.4,54.2,10-Jun-17,9:34:40 PM,34.9624,-121.1777,BONGO,BONGO DEPLOYED,3M,11-Jun-17,4:34:47,,1
1706,259,Cycle 1,,76.4,54.3,10-Jun-17,10:00:10 PM,34.96358,-121.1873,BONGO,BONGO RECOVERED,3M,11-Jun-17,5:00:19,,1
1706,260,Cycle 1,,76.6,54.2,10-Jun-17,10:45:55 PM,34.93395,-121.1518,Ancillary,MOCNESS DEPLOYED,3M,11-Jun-17,5:46:02,,1
1706,261,Cycle 1,,76.5,54.6,10-Jun-17,11:59:08 PM,34.94089,-121.1984,Ancillary,MOCNESS RECOVERED,3M,11-Jun-17,6:59:18,,1
1706,262,Cycle 1,,76.5,54.3,11-Jun-17,2:04:31 AM,34.95211,-121.1772,CTD,CTD DEPLOYED,2M,11-Jun-17,9:04:44,,1
1706,263,Cycle 1,,76.5,54.3,11-Jun-17,2:18:31 AM,34.95214,-121.1772,CTD,CTD AT DEPTH,2M,11-Jun-17,9:18:44,,1
1706,264,Cycle 1,,76.5,54.3,11-Jun-17,2:42:22 AM,34.95213,-121.1772,CTD,CTD RECOVERED,2M,11-Jun-17,9:42:34,,1
1706,265,Cycle 1,,76.5,54.5,11-Jun-17,4:31:36 AM,34.94359,-121.1897,TOWEDARRAY,DRIFTARRAY RECOVERED,CA,11-Jun-17,11:31:49,,1
1706,266,Cycle 1,,76.5,54.5,11-Jun-17,4:40:09 AM,34.94312,-121.1892,TOWEDARRAY,DRIFTARRAY DEPLOYED,CA,11-Jun-17,11:40:18,,1
1706,267,Cycle 1,,76.7,54.6,11-Jun-17,8:32:22 AM,34.90467,-121.1693,BONGO,BONGO DEPLOYED,3M,11-Jun-17,15:32:30,,1
1706,268,Cycle 1,,76.7,54.6,11-Jun-17,8:57:09 AM,34.90741,-121.1779,BONGO,BONGO RECOVERED,3M,11-Jun-17,15:57:22,,1
1706,269,Cycle 1,,76.6,54.7,11-Jun-17,9:55:18 AM,34.90629,-121.1854,BONGO,BONGO RECOVERED,3M,11-Jun-17,16:55:28,,1
1706,270,Cycle 1,,76.7,54.6,11-Jun-17,11:00:36 AM,34.90551,-121.1775,CTD,CTD DEPLOYED,3M,11-Jun-17,18:00:50,,1
1706,271,Cycle 1,,76.7,54.6,11-Jun-17,11:17:08 AM,34.9055,-121.1775,CTD,CTD AT DEPTH,3M,11-Jun-17,18:17:17,,1
1706,272,Cycle 1,,76.7,54.6,11-Jun-17,11:43:20 AM,34.90551,-121.1775,CTD,CTD RECOVERED,3M,11-Jun-17,18:43:35,,1
1706,273,Cycle 1,,76.5,54.7,11-Jun-17,4:59:37 PM,34.93962,-121.2031,Ancillary,C FLUX EXP DEPLOYED,CM,11-Jun-17,23:59:49,,1
1706,274,Cycle 1,,76.5,54.6,11-Jun-17,5:28:12 PM,34.9348,-121.1946,Ancillary,C FLUX EXP DEPLOYED,CM,12-Jun-17,0:28:24,,1
1706,275,Cycle 1,,76.5,54.6,11-Jun-17,6:23:03 PM,34.93267,-121.1897,TM PUMP,MCLANE PUMP DEPLOYED,CM,12-Jun-17,1:23:16,,1
1706,276,Cycle 1,,76.5,54.6,11-Jun-17,7:53:28 PM,34.93267,-121.1897,TM PUMP,MCLANE PUMP RECOVERED,CM,12-Jun-17,2:53:44,,1
1706,277,Cycle 1,,76.8,54.5,11-Jun-17,9:16:12 PM,34.89041,-121.1551,BONGO,BONGO DEPLOYED,CM,12-Jun-17,4:16:24,,1
1706,278,Cycle 1,,76.8,54.5,11-Jun-17,9:16:17 PM,34.89043,-121.1551,BONGO,BONGO RECOVERED,CM,12-Jun-17,4:16:28,,1
1706,279,Cycle 1,,76.9,54.5,11-Jun-17,9:49:15 PM,34.87765,-121.1418,BONGO,BONGO DEPLOYED,CM,12-Jun-17,4:49:28,,1
1706,280,Cycle 1,,76.9,54.6,11-Jun-17,10:13:25 PM,34.87388,-121.1536,BONGO,BONGO RECOVERED,CM,12-Jun-17,5:13:41,,1
1706,281,Cycle 1,,76.9,54.6,12-Jun-17,2:03:11 AM,34.87215,-121.1535,CTD,CTD DEPLOYED,2M,12-Jun-17,9:03:25,,1
1706,282,Cycle 1,,76.9,54.6,12-Jun-17,2:18:14 AM,34.87215,-121.1535,CTD,CTD AT DEPTH,2M,12-Jun-17,9:18:24,,1
1706,283,Cycle 1,,76.9,54.6,12-Jun-17,2:51:53 AM,34.87213,-121.1535,CTD,CTD RECOVERED,2M,12-Jun-17,9:52:08,,1
1706,284,Cycle 1,,76.9,54.6,12-Jun-17,3:00:52 AM,34.87214,-121.1535,Ancillary,TRACE ROSETTE DEPLOYED,2M,12-Jun-17,10:01:06,,1
1706,285,Cycle 1,,76.9,54.6,12-Jun-17,3:25:27 AM,34.87197,-121.1534,Ancillary,TRACE ROSETTE RECOVERED,2M,12-Jun-17,10:25:36,,1
1706,286,Cycle 1,,76.8,54.5,12-Jun-17,4:03:15 AM,34.88555,-121.1544,TOWEDARRAY,DRIFTARRAY RECOVERED,CA,12-Jun-17,11:03:29,,1
1706,287,Cycle 1,,76.8,54.6,12-Jun-17,4:41:48 AM,34.88515,-121.1543,Ancillary,TRACE ROSETTE DEPLOYED,CA,12-Jun-17,11:41:58,,1
1706,288,Cycle 1,,76.8,54.6,12-Jun-17,5:10:48 AM,34.88515,-121.1543,Ancillary,TRACE ROSETTE RECOVERED,CA,12-Jun-17,12:10:57,,1
1706,289,Cycle 1,,76.7,55,12-Jun-17,5:57:55 AM,34.89623,-121.2032,Ancillary,C FLUX EXP RECOVERED,CA,12-Jun-17,12:58:08,,1
1706,290,Cycle 1,,76.6,55.1,12-Jun-17,6:17:49 AM,34.89971,-121.2165,Ancillary,C FLUX EXP RECOVERED,CA,12-Jun-17,13:18:03,,1
1706,292,Cycle 1,,76.6,55,12-Jun-17,8:28:09 AM,34.89758,-121.2043,Ancillary,C FLUX EXP RECOVERED,3M,12-Jun-17,15:28:22,,1
1706,293,Cycle 1,,76.6,55.1,12-Jun-17,9:08:08 AM,34.90751,-121.223,Ancillary,C FLUX EXP RECOVERED,3M,12-Jun-17,16:08:19,,1
1706,294,Cycle 1,,72.8,63.3,12-Jun-17,2:29:51 PM,35.28582,-122.2515,Ancillary,MVP DEPLOYED,3M,12-Jun-17,21:30:03,,1
1706,295,Cycle 1,,72.1,63.7,12-Jun-17,3:35:12 PM,35.39771,-122.3755,Ancillary,MVP RECOVERED,3M,12-Jun-17,22:35:25,,1
1706,296,Cycle 1,,72.2,63.7,12-Jun-17,3:58:04 PM,35.38199,-122.3562,Ancillary,MVP DEPLOYED,CM,12-Jun-17,22:58:19,SEA CONDITIONS: Moderate;DAY/NIGHT: Day,1
1706,297,Cycle 1,,71.9,63.7,12-Jun-17,4:20:46 PM,35.42149,-122.3904,Ancillary,MVP RECOVERED,CM,12-Jun-17,23:21:02,SEA CONDITIONS: Moderate;DAY/NIGHT: Day,1
1706,298,Cycle 1,,72.9,63.2,12-Jun-17,6:07:28 PM,35.27525,-122.2377,Ancillary,MVP DEPLOYED,CM,13-Jun-17,1:07:39,SEA CONDITIONS: Moderate;DAY/NIGHT: Day,1
1706,299,Cycle 1,,76.6,61.4,12-Jun-17,11:54:45 PM,34.69287,-121.6579,Ancillary,MVP RECOVERED,2M,13-Jun-17,6:54:59,,1
1706,300,Cycle 1,,76.3,61.6,13-Jun-17,2:00:44 AM,34.7329,-121.7072,CTD,CTD DEPLOYED,2M,13-Jun-17,9:00:59,,1
1706,301,Cycle 1,,76.3,61.6,13-Jun-17,2:15:13 AM,34.73289,-121.7071,CTD,CTD AT DEPTH,2M,13-Jun-17,9:15:27,,1
1706,302,Cycle 1,,76.3,61.6,13-Jun-17,2:39:43 AM,34.7329,-121.7071,CTD,CTD RECOVERED,2M,13-Jun-17,9:39:57,,1
1706,303,Cycle 1,,76.3,61.6,13-Jun-17,2:49:01 AM,34.73294,-121.7071,Ancillary,TRACE ROSETTE DEPLOYED,2M,13-Jun-17,9:49:17,,1
1706,304,Cycle 1,,76.3,61.6,13-Jun-17,3:07:00 AM,34.7328,-121.7091,Ancillary,TRACE ROSETTE RECOVERED,2M,13-Jun-17,10:07:15,,1
1706,305,Cycle 1,,76.3,61.6,13-Jun-17,4:32:35 AM,34.73236,-121.7079,TOWEDARRAY,DRIFTARRAY DEPLOYED,CA,13-Jun-17,11:32:51,,1
1706,306,Cycle 1,,76.3,61.8,13-Jun-17,5:33:47 AM,34.72631,-121.7227,Ancillary,TRACE ROSETTE DEPLOYED,CA,13-Jun-17,12:34:01,,1
1706,307,Cycle 1,,76.3,61.9,13-Jun-17,6:00:49 AM,34.72626,-121.7326,Ancillary,TRACE ROSETTE RECOVERED,CA,13-Jun-17,13:01:02,,1
1706,308,Cycle 1,,76.3,62.2,13-Jun-17,7:24:23 AM,34.7207,-121.7533,BONGO,BONGO DEPLOYED,CA,13-Jun-17,14:24:37,,1
1706,309,Cycle 1,,76.2,62.4,13-Jun-17,7:59:45 AM,34.72492,-121.77,BONGO,BONGO RECOVERED,3M,13-Jun-17,14:59:58,,1
1706,310,Cycle 1,,76.1,62.4,13-Jun-17,8:32:50 AM,34.73722,-121.7869,BONGO,BONGO DEPLOYED,3M,13-Jun-17,15:33:07,,1
1706,311,Cycle 1,,76.1,62.5,13-Jun-17,8:56:42 AM,34.74158,-121.7974,BONGO,BONGO RECOVERED,3M,13-Jun-17,15:56:56,,1
1706,312,Cycle 1,,76.1,62.5,13-Jun-17,10:59:30 AM,34.7332,-121.7923,CTD,CTD DEPLOYED,3M,13-Jun-17,17:59:48,,1
1706,313,Cycle 1,,76.1,62.5,13-Jun-17,11:15:44 AM,34.73391,-121.7928,CTD,CTD AT DEPTH,3M,13-Jun-17,18:15:55,,1
1706,314,Cycle 1,,76.1,62.5,13-Jun-17,11:43:51 AM,34.73446,-121.7931,CTD,CTD RECOVERED,3M,13-Jun-17,18:44:08,,1
1706,315,Cycle 1,,76,62.8,13-Jun-17,7:32:20 PM,34.75423,-121.8284,Ancillary,SEDIMENT TRAP DEPLOYED,CM,14-Jun-17,2:32:39,CYCLE: During; SEA CONDITIONS: Moderate;DAY/NIGHT: Day,1
1706,316,Cycle 1,,76,62.8,13-Jun-17,7:54:26 PM,34.75488,-121.8296,CTD,CTD DEPLOYED,3M,14-Jun-17,2:54:41,,1
1706,317,Cycle 1,,76,62.8,13-Jun-17,8:06:19 PM,34.75489,-121.8315,CTD,CTD AT DEPTH,3M,14-Jun-17,3:06:34,,1
1706,318,Cycle 1,,76,62.8,13-Jun-17,8:27:53 PM,34.75495,-121.8349,CTD,CTD RECOVERED,3M,14-Jun-17,3:28:06,,1
1706,319,Cycle 1,,76,62.9,13-Jun-17,9:16:16 PM,34.73911,-121.8349,Ancillary,C FLUX EXP DEPLOYED,3M,14-Jun-17,4:16:35,,1
1706,320,Cycle 1,,76,62.9,13-Jun-17,9:16:21 PM,34.73907,-121.8349,Ancillary,C FLUX EXP RECOVERED,3M,14-Jun-17,4:16:40,,1
1706,321,Cycle 1,,76,63,13-Jun-17,9:28:41 PM,34.73736,-121.8373,CTD,CTD DEPLOYED,3M,14-Jun-17,4:28:58,,1
1706,322,Cycle 1,,76,63,13-Jun-17,9:38:08 PM,34.73611,-121.8393,CTD,CTD AT DEPTH,3M,14-Jun-17,4:38:27,,1
1706,323,Cycle 1,,76,63,13-Jun-17,9:44:34 PM,34.73555,-121.8401,CTD,CTD RECOVERED,3M,14-Jun-17,4:44:48,,1
1706,324,Cycle 1,,76.1,63.1,13-Jun-17,10:12:27 PM,34.73016,-121.845,BONGO,BONGO DEPLOYED,3M,14-Jun-17,5:12:41,,1
1706,325,Cycle 1,,76,63.2,13-Jun-17,10:34:52 PM,34.73309,-121.8581,BONGO,BONGO RECOVERED,3M,14-Jun-17,5:35:10,,1
1706,326,Cycle 1,,76.1,63.4,13-Jun-17,11:16:29 PM,34.70722,-121.8554,Ancillary,MOCNESS DEPLOYED,3M,14-Jun-17,6:16:48,,1
1706,327,Cycle 1,,76,63.9,14-Jun-17,12:21:30 AM,34.71064,-121.9076,Ancillary,MOCNESS RECOVERED,2M,14-Jun-17,7:21:44,,1
1706,328,Cycle 1,,76,64,14-Jun-17,2:08:18 AM,34.71535,-121.9185,CTD,CTD DEPLOYED,2M,14-Jun-17,9:08:29,,1
1706,329,Cycle 1,,76,64,14-Jun-17,2:21:52 AM,34.71532,-121.9185,CTD,CTD AT DEPTH,2M,14-Jun-17,9:22:08,,1
1706,330,Cycle 1,,76,64.1,14-Jun-17,2:47:53 AM,34.71466,-121.9224,CTD,CTD RECOVERED,2M,14-Jun-17,9:48:11,,1
1706,331,Cycle 1,,76,64.1,14-Jun-17,2:56:22 AM,34.71433,-121.9239,Ancillary,TRACE ROSETTE DEPLOYED,2M,14-Jun-17,9:56:40,,1
1706,332,Cycle 1,,76,64.1,14-Jun-17,3:13:16 AM,34.71391,-121.9263,Ancillary,TRACE ROSETTE RECOVERED,2M,14-Jun-17,10:13:32,,1
1706,333,Cycle 1,,75.7,64.6,14-Jun-17,4:37:53 AM,34.73653,-121.9839,TOWEDARRAY,DRIFTARRAY RECOVERED,CA,14-Jun-17,11:38:04,,1
1706,334,Cycle 1,,75.7,64.6,14-Jun-17,4:49:34 AM,34.73702,-121.9853,TOWEDARRAY,DRIFTARRAY DEPLOYED,CA,14-Jun-17,11:49:46,,1
1706,335,Cycle 1,,75.7,64.7,14-Jun-17,5:59:41 AM,34.74312,-121.9994,Ancillary,TRACE ROSETTE DEPLOYED,CA,14-Jun-17,12:59:57,,1
1706,336,Cycle 1,,75.7,64.7,14-Jun-17,6:20:46 AM,34.74529,-122.0035,Ancillary,TRACE ROSETTE RECOVERED,CA,14-Jun-17,13:21:03,,1
1706,337,Cycle 1,,75.6,64.6,14-Jun-17,7:33:18 AM,34.75253,-122.0011,BONGO,BONGO DEPLOYED,CA,14-Jun-17,14:33:32,,1
1706,338,Cycle 1,,75.6,64.7,14-Jun-17,8:03:43 AM,34.75863,-122.0143,BONGO,BONGO RECOVERED,3M,14-Jun-17,15:03:58,,1
1706,339,Cycle 1,,75.6,64.7,14-Jun-17,8:40:07 AM,34.74989,-122.0072,BONGO,BONGO DEPLOYED,3M,14-Jun-17,15:40:25,,1
1706,340,Cycle 1,,75.6,64.8,14-Jun-17,8:57:49 AM,34.75362,-122.0144,BONGO,BONGO RECOVERED,3M,14-Jun-17,15:58:03,,1
1706,341,Cycle 1,,75.6,64.7,14-Jun-17,10:00:41 AM,34.7541,-122.0097,CTD,CTD DEPLOYED,3M,14-Jun-17,17:00:59,,1
1706,342,Cycle 1,,75.6,64.7,14-Jun-17,10:20:06 AM,34.75341,-122.011,CTD,CTD AT DEPTH,3M,14-Jun-17,17:20:24,,1
1706,343,Cycle 1,,75.6,64.8,14-Jun-17,10:53:36 AM,34.75198,-122.0138,CTD,CTD RECOVERED,3M,14-Jun-17,17:53:52,,1
1706,344,Cycle 1,,75.7,64.9,14-Jun-17,1:07:34 PM,34.72556,-122.0062,Ancillary,MOCNESS DEPLOYED,2M,14-Jun-17,20:07:50,,1
1706,345,Cycle 1,,75.6,65.4,14-Jun-17,2:24:16 PM,34.73197,-122.0604,Ancillary,MOCNESS RECOVERED,2M,14-Jun-17,21:24:31,,1
1706,346,Cycle 1,,75.4,65,14-Jun-17,4:16:33 PM,34.77712,-122.0572,Ancillary,C FLUX EXP DEPLOYED,CM,14-Jun-17,23:16:48,SEA CONDITIONS: Moderate;DAY/NIGHT: Day,1
1706,347,Cycle 1,,75.4,65.1,14-Jun-17,4:34:02 PM,34.77421,-122.0587,Ancillary,C FLUX EXP DEPLOYED,CM,14-Jun-17,23:34:20,SEA CONDITIONS: Moderate;DAY/NIGHT: Day,1
1706,348,Cycle 1,,75.5,65.9,14-Jun-17,9:34:43 PM,34.73229,-122.1029,BONGO,BONGO DEPLOYED,3M,15-Jun-17,4:34:59,,1
1706,349,Cycle 1,,75.5,66,14-Jun-17,9:59:07 PM,34.73499,-122.1152,BONGO,BONGO RECOVERED,3M,15-Jun-17,4:59:23,,1
1706,350,Cycle 1,,75.6,66,14-Jun-17,10:47:11 PM,34.70595,-122.1017,Ancillary,MOCNESS DEPLOYED,3M,15-Jun-17,5:47:28,,1
1706,351,Cycle 1,,75.4,66.5,15-Jun-17,12:14:26 AM,34.7247,-122.1597,Ancillary,MOCNESS RECOVERED,2M,15-Jun-17,7:14:41,,1
1706,353,Cycle 1,,75.5,66.3,15-Jun-17,2:02:04 AM,34.72381,-122.1374,CTD,CTD DEPLOYED,2M,15-Jun-17,9:02:20,,1
1706,354,Cycle 1,,75.5,66.3,15-Jun-17,2:16:22 AM,34.72382,-122.1374,CTD,CTD AT DEPTH,2M,15-Jun-17,9:16:44,,1
1706,355,Cycle 1,,75.5,66.3,15-Jun-17,2:44:02 AM,34.72383,-122.1375,CTD,CTD RECOVERED,2M,15-Jun-17,9:44:20,,1
1706,356,Cycle 1,,75.4,66.4,15-Jun-17,4:35:47 AM,34.73804,-122.1567,TOWEDARRAY,DRIFTARRAY RECOVERED,CA,15-Jun-17,11:36:08,,1
1706,357,Cycle 1,,75.4,66.4,15-Jun-17,4:48:43 AM,34.73624,-122.1596,TOWEDARRAY,DRIFTARRAY DEPLOYED,CA,15-Jun-17,11:49:01,,1
1706,358,Cycle 1,,75.4,66.5,15-Jun-17,6:02:20 AM,34.7327,-122.1668,Ancillary,TRACE ROSETTE DEPLOYED,CA,15-Jun-17,13:02:37,,1
1706,359,Cycle 1,,75.4,66.6,15-Jun-17,6:30:09 AM,34.73272,-122.1714,Ancillary,TRACE ROSETTE RECOVERED,CA,15-Jun-17,13:30:24,,1
1706,360,Cycle 1,,75.3,66.7,15-Jun-17,8:27:30 AM,34.73381,-122.1857,BONGO,BONGO DEPLOYED,3M,15-Jun-17,15:27:49,,1
1706,361,Cycle 1,,75.3,66.8,15-Jun-17,8:54:14 AM,34.73964,-122.1975,BONGO,BONGO RECOVERED,3M,15-Jun-17,15:54:31,,1
1706,362,Cycle 1,,75.3,66.8,15-Jun-17,9:37:08 AM,34.73623,-122.1922,BONGO,BONGO DEPLOYED,3M,15-Jun-17,16:37:23,,1
1706,364,Cycle 1,,75.3,66.7,15-Jun-17,10:57:28 AM,34.74181,-122.1893,CTD,CTD DEPLOYED,3M,15-Jun-17,17:57:41,SEA CONDITIONS: Moderate;DAY/NIGHT: Day,1
1706,365,Cycle 1,,75.3,66.7,15-Jun-17,11:18:55 AM,34.74121,-122.1906,CTD,CTD AT DEPTH,3M,15-Jun-17,18:19:13,,1
1706,366,Cycle 1,,75.3,66.7,15-Jun-17,11:44:07 AM,34.74082,-122.1916,CTD,CTD RECOVERED,3M,15-Jun-17,18:44:27,,1
1706,367,Cycle 1,,75.4,67,15-Jun-17,1:41:54 PM,34.71056,-122.1924,Ancillary,MOCNESS DEPLOYED,2M,15-Jun-17,20:42:12,,1
1706,368,Cycle 1,,75.3,67.7,15-Jun-17,3:16:08 PM,34.71767,-122.2599,Ancillary,MOCNESS RECOVERED,2M,15-Jun-17,22:16:26,,1
1706,369,Cycle 1,,74.5,67.3,15-Jun-17,4:56:36 PM,34.86509,-122.3355,Ancillary,C FLUX EXP RECOVERED,2M,15-Jun-17,23:56:53,SEA CONDITIONS: Moderate;DAY/NIGHT: Day,1
1706,370,Cycle 1,,74.4,67.4,15-Jun-17,6:57:43 PM,34.88246,-122.3499,Ancillary,C FLUX EXP RECOVERED,CM,16-Jun-17,1:58:01,,1
1706,371,Cycle 1,,75.3,67.5,15-Jun-17,8:32:39 PM,34.71052,-122.2387,TM PUMP,MCLANE PUMP DEPLOYED,3M,16-Jun-17,3:32:53,,1
1706,372,Cycle 1,,75.3,67.7,15-Jun-17,9:47:54 PM,34.70361,-122.2511,TM PUMP,MCLANE PUMP RECOVERED,3M,16-Jun-17,4:48:14,,1
1706,373,Cycle 1,,75.3,67.7,15-Jun-17,10:10:00 PM,34.7042,-122.2562,BONGO,BONGO DEPLOYED,3M,16-Jun-17,5:10:21,,1
1706,374,Cycle 1,,75.3,67.8,15-Jun-17,10:32:46 PM,34.70888,-122.2651,BONGO,BONGO RECOVERED,3M,16-Jun-17,5:33:05,,1
1706,375,Cycle 1,,75.3,67.9,16-Jun-17,2:02:02 AM,34.70543,-122.2775,CTD,CTD DEPLOYED,2M,16-Jun-17,9:02:20,,1
1706,376,Cycle 1,,75.3,67.9,16-Jun-17,2:16:57 AM,34.70533,-122.2776,CTD,CTD AT DEPTH,2M,16-Jun-17,9:17:16,,1
1706,377,Cycle 1,,75.3,67.9,16-Jun-17,2:41:43 AM,34.70538,-122.2777,CTD,CTD RECOVERED,2M,16-Jun-17,9:42:01,,1
1706,378,Cycle 1,,75.2,68,16-Jun-17,4:33:11 AM,34.71615,-122.29,TOWEDARRAY,DRIFTARRAY RECOVERED,CA,16-Jun-17,11:33:23,,1
1706,379,Cycle 1,,75.2,68,16-Jun-17,4:44:19 AM,34.7145,-122.2914,TOWEDARRAY,DRIFTARRAY DEPLOYED,CA,16-Jun-17,11:44:29,,1
1706,380,Cycle 1,,75.2,68.1,16-Jun-17,5:53:40 AM,34.7087,-122.2989,Ancillary,TRACE ROSETTE DEPLOYED,CA,16-Jun-17,12:53:50,,1
1706,381,Cycle 1,,75.2,68.1,16-Jun-17,6:57:31 AM,34.70984,-122.3004,Ancillary,C FLUX EXP DEPLOYED,CA,16-Jun-17,13:57:42,,1
1706,382,Cycle 1,,75.2,68.1,16-Jun-17,7:16:59 AM,34.7091,-122.2998,Ancillary,C FLUX EXP DEPLOYED,CA,16-Jun-17,14:17:07,,1
1706,383,Cycle 1,,75.3,68.2,16-Jun-17,9:34:05 AM,34.69674,-122.2999,BONGO,BONGO DEPLOYED,3M,16-Jun-17,16:34:16,,1
1706,384,Cycle 1,,75.2,68.3,16-Jun-17,9:54:38 AM,34.69955,-122.3067,BONGO,BONGO RECOVERED,3M,16-Jun-17,16:54:47,,1
1706,385,Cycle 1,,75.2,68.3,16-Jun-17,10:59:54 AM,34.69716,-122.3036,CTD,CTD DEPLOYED,3M,16-Jun-17,18:00:02,,1
1706,386,Cycle 1,,75.2,68.3,16-Jun-17,11:18:21 AM,34.6965,-122.3051,CTD,CTD AT DEPTH,3M,16-Jun-17,18:18:30,,1
1706,387,Cycle 1,,75.2,68.3,16-Jun-17,11:46:03 AM,34.69601,-122.3058,CTD,CTD RECOVERED,3M,16-Jun-17,18:46:13,,1
1706,388,Cycle 1,,75.3,68.4,16-Jun-17,3:04:41 PM,34.69042,-122.3138,CTD,CTD DEPLOYED,2M,16-Jun-17,22:04:50,,1
1706,389,Cycle 1,,75.3,68.4,16-Jun-17,4:08:34 PM,34.69044,-122.3138,CTD,CTD AT DEPTH,CM,16-Jun-17,23:08:49,SEA CONDITIONS: Moderate;DAY/NIGHT: Day,1
1706,390,Cycle 1,,75.3,68.4,16-Jun-17,5:25:31 PM,34.69046,-122.3138,CTD,CTD RECOVERED,CM,17-Jun-17,0:25:41,,1
1706,391,Cycle 1,,75.2,68.4,16-Jun-17,5:56:11 PM,34.69151,-122.3155,Ancillary,TRACE ROSETTE DEPLOYED,CM,17-Jun-17,0:56:20,SEA CONDITIONS: Moderate;DAY/NIGHT: Day,1
1706,392,Cycle 1,,75.2,68.4,16-Jun-17,7:14:38 PM,34.69152,-122.3155,Ancillary,TRACE ROSETTE RECOVERED,CM,17-Jun-17,2:14:48,,1
1706,393,Cycle 1,,75.3,68.7,16-Jun-17,9:34:39 PM,34.68045,-122.3342,BONGO,BONGO DEPLOYED,3M,17-Jun-17,4:34:52,,1
1706,394,Cycle 1,,75.2,68.8,16-Jun-17,9:56:48 PM,34.68417,-122.3434,BONGO,BONGO RECOVERED,3M,17-Jun-17,4:57:00,,1
1706,395,Cycle 1,,75.2,68.7,17-Jun-17,12:52:42 AM,34.6863,-122.3386,Ancillary,SEDIMENT TRAP DEPLOYED,2M,17-Jun-17,7:52:55,,1
1706,396,Cycle 1,,75.2,68.9,17-Jun-17,2:02:24 AM,34.68356,-122.3518,CTD,CTD DEPLOYED,2M,17-Jun-17,9:02:43,,1
1706,397,Cycle 1,,75.2,68.9,17-Jun-17,2:16:21 AM,34.68359,-122.3518,CTD,CTD AT DEPTH,2M,17-Jun-17,9:16:37,,1
1706,398,Cycle 1,,75.2,68.9,17-Jun-17,2:49:20 AM,34.68356,-122.3517,CTD,CTD RECOVERED,2M,17-Jun-17,9:49:40,,1
1706,399,Cycle 1,,75.1,68.8,17-Jun-17,4:03:46 AM,34.69853,-122.3521,TOWEDARRAY,DRIFTARRAY RECOVERED,CA,17-Jun-17,11:04:04,,1
1706,400,Cycle 1,,73.8,67.9,17-Jun-17,6:35:25 AM,34.95936,-122.4568,Ancillary,C FLUX EXP RECOVERED,CA,17-Jun-17,13:35:45,,1
1706,401,Cycle 1,,73.8,68.5,17-Jun-17,7:04:18 AM,34.94241,-122.4974,Ancillary,C FLUX EXP RECOVERED,CA,17-Jun-17,14:04:39,,1
1706,402,Cycle 1,,74.9,71.1,17-Jun-17,8:59:04 AM,34.66273,-122.5412,Ancillary,SEDIMENT TRAP RECOVERED,3M,17-Jun-17,15:59:19,,1
1706,403,Cycle 1,,75.1,69.6,17-Jun-17,10:45:30 AM,34.67941,-122.4174,Ancillary,C FLUX EXP RECOVERED,3M,17-Jun-17,17:45:48,CFLUX2; SEA CONDITIONS: Moderate;DAY/NIGHT: Day,1
1706,404,Cycle 1,,75.1,69.7,17-Jun-17,11:07:25 AM,34.68419,-122.4237,Ancillary,C FLUX EXP RECOVERED,3M,17-Jun-17,18:07:45,C FLUX 4,1
1706,405,Cycle 1,,72.8,68.2,17-Jun-17,2:24:33 PM,35.12386,-122.601,Ancillary,MVP DEPLOYED,2M,17-Jun-17,21:24:50,,1
1706,406,Cycle 1,,77,69.2,17-Jun-17,7:09:15 PM,34.36148,-122.1545,Ancillary,MVP RECOVERED,CM,18-Jun-17,2:09:34,,1
1706,407,Cycle 1,,76.9,69.1,17-Jun-17,7:39:55 PM,34.37757,-122.157,CTD,CTD DEPLOYED,3M,18-Jun-17,2:40:14,,1
1706,408,Cycle 1,,76.9,69.1,17-Jun-17,7:50:48 PM,34.3776,-122.157,CTD,CTD AT DEPTH,3M,18-Jun-17,2:51:05,,1
1706,409,Cycle 1,,76.9,69.1,17-Jun-17,8:01:58 PM,34.37757,-122.157,CTD,CTD RECOVERED,3M,18-Jun-17,3:02:21,,1
1706,410,Cycle 1,,76.9,69.1,17-Jun-17,8:08:21 PM,34.37756,-122.157,Ancillary,TRACE ROSETTE DEPLOYED,3M,18-Jun-17,3:08:43,,1
1706,411,Cycle 1,,76.9,69.1,17-Jun-17,8:28:25 PM,34.37757,-122.157,Ancillary,TRACE ROSETTE RECOVERED,3M,18-Jun-17,3:28:47,,1
1706,412,Cycle 1,,76.9,69.1,17-Jun-17,8:43:54 PM,34.37737,-122.1576,BONGO,BONGO RECOVERED,3M,18-Jun-17,3:44:13,,1
1706,413,Cycle 1,,76.5,69,17-Jun-17,9:43:48 PM,34.453,-122.2023,CTD,CTD DEPLOYED,3M,18-Jun-17,4:44:10,,1
1706,414,Cycle 1,,76.5,69,17-Jun-17,9:54:24 PM,34.45303,-122.2023,CTD,CTD AT DEPTH,3M,18-Jun-17,4:54:45,,1
1706,415,Cycle 1,,76.5,69,17-Jun-17,10:05:53 PM,34.45303,-122.2023,CTD,CTD RECOVERED,3M,18-Jun-17,5:06:16,,1
1706,416,Cycle 1,,76.5,69,17-Jun-17,10:12:08 PM,34.453,-122.2024,BONGO,BONGO DEPLOYED,3M,18-Jun-17,5:12:26,,1
1706,417,Cycle 1,,76.5,69,17-Jun-17,10:20:23 PM,34.45266,-122.203,BONGO,BONGO RECOVERED,3M,18-Jun-17,5:20:45,,1
1706,418,Cycle 1,,76.5,69.1,17-Jun-17,10:24:47 PM,34.4531,-122.2041,TM POLE,TM POLE SAMPLE,3M,18-Jun-17,5:25:09,,1
1706,419,Cycle 1,,76.1,68.9,17-Jun-17,11:30:38 PM,34.52906,-122.2462,CTD,CTD DEPLOYED,3M,18-Jun-17,6:30:59,,1
1706,420,Cycle 1,,76.1,68.9,17-Jun-17,11:43:23 PM,34.52908,-122.2461,CTD,CTD AT DEPTH,2M,18-Jun-17,6:43:46,,1
1706,421,Cycle 1,,76.1,68.9,17-Jun-17,11:58:06 PM,34.52915,-122.2462,CTD,CTD RECOVERED,2M,18-Jun-17,6:58:30,,1
1706,422,Cycle 1,,76.1,68.9,18-Jun-17,12:02:53 AM,34.52913,-122.2462,BONGO,BONGO DEPLOYED,2M,18-Jun-17,7:03:15,,1
1706,423,Cycle 1,,76.1,68.9,18-Jun-17,12:11:49 AM,34.52877,-122.2471,BONGO,BONGO RECOVERED,2M,18-Jun-17,7:12:08,,1
1706,424,Cycle 1,,76.1,68.9,18-Jun-17,12:15:15 AM,34.52905,-122.2472,TM POLE,TM POLE SAMPLE,2M,18-Jun-17,7:15:37,,1
1706,425,Cycle 1,,75.7,68.8,18-Jun-17,1:09:19 AM,34.60196,-122.2898,CTD,CTD DEPLOYED,2M,18-Jun-17,8:09:43,,1
1706,426,Cycle 1,,75.7,68.8,18-Jun-17,1:19:54 AM,34.60276,-122.2902,CTD,CTD AT DEPTH,2M,18-Jun-17,8:20:14,,1
1706,427,Cycle 1,,75.7,68.8,18-Jun-17,1:31:01 AM,34.60273,-122.2902,CTD,CTD RECOVERED,2M,18-Jun-17,8:31:19,,1
1706,428,Cycle 1,,75.7,68.8,18-Jun-17,1:33:27 AM,34.60276,-122.2902,BONGO,BONGO DEPLOYED,2M,18-Jun-17,8:33:46,,1
1706,429,Cycle 1,,75.7,68.9,18-Jun-17,1:43:44 AM,34.60276,-122.2913,BONGO,BONGO RECOVERED,2M,18-Jun-17,8:44:06,,1
1706,430,Cycle 1,,75.7,68.9,18-Jun-17,1:45:30 AM,34.60314,-122.2915,TM POLE,TM POLE SAMPLE,2M,18-Jun-17,8:45:53,,1
1706,431,Cycle 1,,75.3,68.8,18-Jun-17,2:38:14 AM,34.67781,-122.3345,CTD,CTD DEPLOYED,2M,18-Jun-17,9:38:39,,1
1706,432,Cycle 1,,75.3,68.7,18-Jun-17,2:51:00 AM,34.67878,-122.335,CTD,CTD AT DEPTH,2M,18-Jun-17,9:51:20,,1
1706,433,Cycle 1,,75.3,68.7,18-Jun-17,3:03:01 AM,34.67878,-122.335,CTD,CTD RECOVERED,2M,18-Jun-17,10:03:17,,1
1706,434,Cycle 1,,75.3,68.7,18-Jun-17,3:05:21 AM,34.67877,-122.335,BONGO,BONGO DEPLOYED,2M,18-Jun-17,10:05:45,,1
1706,435,Cycle 1,,75.3,68.8,18-Jun-17,3:15:21 AM,34.67879,-122.3353,BONGO,BONGO RECOVERED,2M,18-Jun-17,10:15:40,,1
1706,436,Cycle 1,,75.3,68.8,18-Jun-17,3:17:04 AM,34.67918,-122.3356,TM POLE,TM POLE SAMPLE,2M,18-Jun-17,10:17:22,,1
1706,437,Cycle 1,,74.8,68.7,18-Jun-17,4:09:08 AM,34.75476,-122.3798,CTD,CTD DEPLOYED,CA,18-Jun-17,11:09:29,,1
1706,438,Cycle 1,,74.8,68.7,18-Jun-17,4:22:02 AM,34.75474,-122.3798,CTD,CTD AT DEPTH,CA,18-Jun-17,11:22:22,,1
1706,439,Cycle 1,,74.8,68.7,18-Jun-17,4:40:06 AM,34.75477,-122.3798,Ancillary,TRACE ROSETTE DEPLOYED,CA,18-Jun-17,11:40:30,,1
1706,440,Cycle 1,,74.8,68.7,18-Jun-17,5:02:41 AM,34.75475,-122.3798,Ancillary,TRACE ROSETTE RECOVERED,CA,18-Jun-17,12:03:01,,1
1706,441,Cycle 1,,74.8,68.7,18-Jun-17,5:10:36 AM,34.75476,-122.3798,BONGO,BONGO DEPLOYED,CA,18-Jun-17,12:10:54,,1
1706,442,Cycle 1,,74.8,68.7,18-Jun-17,5:19:53 AM,34.75511,-122.3804,BONGO,BONGO RECOVERED,CA,18-Jun-17,12:20:13,,1
1706,443,Cycle 1,,74.4,68.6,18-Jun-17,6:05:00 AM,34.83019,-122.4246,CTD,CTD DEPLOYED,CA,18-Jun-17,13:05:23,,1
1706,444,Cycle 1,,74.4,68.6,18-Jun-17,6:20:18 AM,34.8302,-122.4246,CTD,CTD AT DEPTH,CA,18-Jun-17,13:20:38,,1
1706,445,Cycle 1,,74.4,68.6,18-Jun-17,6:26:54 AM,34.8302,-122.4246,CTD,CTD RECOVERED,CA,18-Jun-17,13:27:15,,1
1706,446,Cycle 1,,74.4,68.6,18-Jun-17,6:33:39 AM,34.83019,-122.4246,Ancillary,TRACE ROSETTE DEPLOYED,CA,18-Jun-17,13:33:57,,1
1706,447,Cycle 1,,74.4,68.6,18-Jun-17,6:56:59 AM,34.83017,-122.4246,Ancillary,TRACE ROSETTE RECOVERED,CA,18-Jun-17,13:57:20,,1
1706,448,Cycle 1,,74.4,68.6,18-Jun-17,7:01:56 AM,34.8302,-122.4246,BONGO,BONGO DEPLOYED,CA,18-Jun-17,14:02:20,,1
1706,449,Cycle 1,,74.4,68.6,18-Jun-17,7:11:57 AM,34.83083,-122.4254,BONGO,BONGO RECOVERED,CA,18-Jun-17,14:12:15,,1
1706,450,Cycle 1,,74,68.5,18-Jun-17,7:57:51 AM,34.90509,-122.469,CTD,CTD DEPLOYED,3M,18-Jun-17,14:58:11,,1
1706,451,Cycle 1,,74,68.5,18-Jun-17,8:07:59 AM,34.90595,-122.4702,CTD,CTD AT DEPTH,3M,18-Jun-17,15:08:21,,1
1706,452,Cycle 1,,74,68.5,18-Jun-17,8:19:25 AM,34.90695,-122.4716,CTD,CTD RECOVERED,3M,18-Jun-17,15:19:42,,1
1706,453,Cycle 1,,74,68.5,18-Jun-17,8:24:49 AM,34.90741,-122.4723,BONGO,BONGO DEPLOYED,3M,18-Jun-17,15:25:08,,1
1706,454,Cycle 1,,74,68.5,18-Jun-17,8:32:16 AM,34.90828,-122.4736,BONGO,BONGO RECOVERED,3M,18-Jun-17,15:32:40,,1
1706,455,Cycle 1,,74,68.5,18-Jun-17,8:35:05 AM,34.90915,-122.4741,TM POLE,TM POLE SAMPLE,3M,18-Jun-17,15:35:22,,1
1706,456,Cycle 1,,73.6,68.4,18-Jun-17,9:21:12 AM,34.97994,-122.513,CTD,CTD DEPLOYED,3M,18-Jun-17,16:21:33,,1
1706,457,Cycle 1,,73.6,68.4,18-Jun-17,9:31:19 AM,34.98052,-122.5138,CTD,CTD AT DEPTH,3M,18-Jun-17,16:31:43,,1
1706,458,Cycle 1,,73.6,68.4,18-Jun-17,9:42:38 AM,34.98117,-122.5149,CTD,CTD RECOVERED,3M,18-Jun-17,16:42:59,,1
1706,459,Cycle 1,,73.6,68.4,18-Jun-17,9:51:10 AM,34.98152,-122.5164,BONGO,BONGO DEPLOYED,3M,18-Jun-17,16:51:33,,1
1706,460,Cycle 1,,73.6,68.4,18-Jun-17,9:56:55 AM,34.98199,-122.518,BONGO,BONGO RECOVERED,3M,18-Jun-17,16:57:14,,1
1706,461,Cycle 1,,73.6,68.4,18-Jun-17,9:57:49 AM,34.98216,-122.5182,TM POLE,TM POLE SAMPLE,3M,18-Jun-17,16:58:15,,1
1706,462,Cycle 1,,73.2,68.3,18-Jun-17,10:45:34 AM,35.05451,-122.5597,CTD,CTD DEPLOYED,3M,18-Jun-17,17:45:53,,1
1706,463,Cycle 1,,73.2,68.3,18-Jun-17,10:55:54 AM,35.05397,-122.563,CTD,CTD AT DEPTH,3M,18-Jun-17,17:56:14,,1
1706,464,Cycle 1,,73.2,68.4,18-Jun-17,11:06:57 AM,35.05349,-122.5664,CTD,CTD RECOVERED,3M,18-Jun-17,18:07:14,,1
1706,465,Cycle 1,,73.2,68.4,18-Jun-17,11:09:45 AM,35.05337,-122.5674,BONGO,BONGO DEPLOYED,3M,18-Jun-17,18:10:08,,1
1706,466,Cycle 1,,73.2,68.4,18-Jun-17,11:18:39 AM,35.05358,-122.5713,BONGO,BONGO RECOVERED,3M,18-Jun-17,18:19:02,,1
1706,467,Cycle 1,,73.2,68.4,18-Jun-17,11:20:46 AM,35.05382,-122.5722,TM POLE,TM POLE SAMPLE,3M,18-Jun-17,18:21:09,,1
1706,468,Cycle 1,,72.8,68.2,18-Jun-17,12:07:59 PM,35.12397,-122.6,CTD,CTD DEPLOYED,2M,18-Jun-17,19:08:21,,1
1706,469,Cycle 1,,72.8,68.2,18-Jun-17,12:17:49 PM,35.12408,-122.6,CTD,CTD AT DEPTH,2M,18-Jun-17,19:18:11,,1
1706,470,Cycle 1,,72.8,68.2,18-Jun-17,12:29:10 PM,35.12408,-122.6001,CTD,CTD RECOVERED,2M,18-Jun-17,19:29:27,,1
1706,471,Cycle 1,,72.8,68.2,18-Jun-17,12:38:02 PM,35.12409,-122.6007,Ancillary,TRACE ROSETTE DEPLOYED,2M,18-Jun-17,19:38:26,,1
1706,472,Cycle 1,,72.8,68.3,18-Jun-17,1:00:02 PM,35.12338,-122.6089,Ancillary,TRACE ROSETTE RECOVERED,2M,18-Jun-17,20:00:23,,1
1706,473,Cycle 1,,72.8,68.3,18-Jun-17,1:08:42 PM,35.12293,-122.6121,BONGO,BONGO DEPLOYED,2M,18-Jun-17,20:09:02,,1
1706,474,Cycle 1,,72.8,68.4,18-Jun-17,1:16:00 PM,35.12257,-122.6148,BONGO,BONGO RECOVERED,2M,18-Jun-17,20:16:19,,1
1706,475,Cycle 1,,72.6,77.6,18-Jun-17,4:32:16 PM,34.83801,-123.2763,Ancillary,MVP DEPLOYED,CM,18-Jun-17,23:32:35,SEA CONDITIONS: Moderate;DAY/NIGHT: Day,1
1706,476,Cycle 1,,76.5,82,18-Jun-17,9:33:44 PM,34.01519,-123.0976,Ancillary,MVP RECOVERED,3M,19-Jun-17,4:34:07,,1
1706,477,Cycle 1,,74.8,80,19-Jun-17,1:12:50 AM,34.38725,-123.1778,Ancillary,SEDIMENT TRAP DEPLOYED,2M,19-Jun-17,8:13:10,,1
1706,478,Cycle 1,,74.8,80.1,19-Jun-17,2:24:55 AM,34.37428,-123.1765,CTD,CTD DEPLOYED,2M,19-Jun-17,9:25:18,,1
1706,479,Cycle 1,,74.8,80.1,19-Jun-17,2:40:52 AM,34.37242,-123.1797,CTD,CTD AT DEPTH,2M,19-Jun-17,9:41:14,,1
1706,480,Cycle 1,,74.9,80.1,19-Jun-17,3:04:37 AM,34.36717,-123.178,CTD,CTD RECOVERED,2M,19-Jun-17,10:05:02,,1
1706,481,Cycle 1,,74.9,80.2,19-Jun-17,3:15:17 AM,34.3646,-123.1791,Ancillary,TRACE ROSETTE DEPLOYED,2M,19-Jun-17,10:15:38,,1
1706,482,Cycle 1,,74.9,80.2,19-Jun-17,3:34:14 AM,34.36252,-123.1814,Ancillary,TRACE ROSETTE RECOVERED,2M,19-Jun-17,10:34:37,,1
1706,483,Cycle 1,,74.9,80.3,19-Jun-17,4:43:46 AM,34.35313,-123.1866,TOWEDARRAY,DRIFTARRAY DEPLOYED,CA,19-Jun-17,11:44:04,,1
1706,484,Cycle 1,,75,80.4,19-Jun-17,6:06:30 AM,34.34063,-123.1877,Ancillary,TRACE ROSETTE DEPLOYED,CA,19-Jun-17,13:06:51,,1
1706,485,Cycle 1,,75,80.5,19-Jun-17,6:36:46 AM,34.33429,-123.1913,Ancillary,TRACE ROSETTE RECOVERED,CA,19-Jun-17,13:37:06,,1
1706,486,Cycle 3,,75.1,80.5,19-Jun-17,8:48:35 AM,34.31025,-123.1731,BONGO,BONGO DEPLOYED,3M,19-Jun-17,15:48:55,RECORDED LATE;CYCLE: During; SEA CONDITIONS: Calm;DAY/NIGHT: Day,1
1706,487,Cycle 3,,75.1,80.6,19-Jun-17,9:00:58 AM,34.31078,-123.177,BONGO,BONGO RECOVERED,3M,19-Jun-17,16:01:23,,1
1706,488,Cycle 3,,75.2,80.5,19-Jun-17,9:33:33 AM,34.30164,-123.1665,BONGO,BONGO DEPLOYED,3M,19-Jun-17,16:33:56,,1
1706,489,Cycle 3,,75.2,80.6,19-Jun-17,9:57:26 AM,34.30274,-123.1723,BONGO,BONGO RECOVERED,3M,19-Jun-17,16:57:51,,1
1706,490,Cycle 3,,75.2,80.6,19-Jun-17,11:01:47 AM,34.29564,-123.1654,CTD,CTD DEPLOYED,3M,19-Jun-17,18:02:12,SEA CONDITIONS: Moderate;DAY/NIGHT: Day,1
1706,491,Cycle 3,,75.2,80.6,19-Jun-17,11:24:56 AM,34.29399,-123.1653,CTD,CTD AT DEPTH,3M,19-Jun-17,18:25:15,,1
1706,492,Cycle 3,,75.2,80.6,19-Jun-17,11:46:58 AM,34.29116,-123.1653,CTD,CTD RECOVERED,3M,19-Jun-17,18:47:19,SEA CONDITIONS: Moderate;DAY/NIGHT: Day,1
1706,493,Cycle 3,,75.5,80.6,19-Jun-17,1:07:58 PM,34.24506,-123.1379,Ancillary,MOCNESS DEPLOYED,2M,19-Jun-17,20:08:17,,1
1706,494,Cycle 3,,75.4,81,19-Jun-17,2:23:06 PM,34.24708,-123.1759,Ancillary,MOCNESS RECOVERED,2M,19-Jun-17,21:23:28,,1
1706,495,Cycle 3,,75.5,80.4,19-Jun-17,4:22:56 PM,34.24397,-123.1096,Ancillary,C FLUX EXP DEPLOYED,CM,19-Jun-17,23:23:15,,1
1706,496,Cycle 3,,75.6,80.3,19-Jun-17,4:42:18 PM,34.23819,-123.1001,Ancillary,C FLUX EXP DEPLOYED,CM,19-Jun-17,23:42:40,,1
1706,497,Cycle 3,,75.6,80.3,19-Jun-17,5:05:32 PM,34.23938,-123.0997,CTD,CTD DEPLOYED,3M,20-Jun-17,0:05:54,,1
1706,498,Cycle 3,,75.6,80.3,19-Jun-17,5:19:14 PM,34.23941,-123.0997,CTD,CTD AT DEPTH,3M,20-Jun-17,0:19:32,,1
1706,499,Cycle 3,,75.6,80.3,19-Jun-17,5:41:40 PM,34.2394,-123.0997,CTD,CTD RECOVERED,CM,20-Jun-17,0:42:05,,1
1706,500,Cycle 3,,75.7,80.3,19-Jun-17,6:00:24 PM,34.22104,-123.091,Ancillary,MVP DEPLOYED,CM,20-Jun-17,1:00:45,,1
1706,501,Cycle 3,,75.3,81.1,19-Jun-17,6:50:50 PM,34.25466,-123.1903,Ancillary,MVP RECOVERED,CM,20-Jun-17,1:51:11,,1
1706,502,Cycle 3,,75.5,80.9,19-Jun-17,7:48:34 PM,34.22745,-123.148,Ancillary,C FLUX EXP DEPLOYED,3M,20-Jun-17,2:48:55,,1
1706,503,Cycle 3,,75.8,79.9,19-Jun-17,8:39:58 PM,34.21924,-123.0533,CTD,CTD DEPLOYED,3M,20-Jun-17,3:40:23,,1
1706,504,Cycle 3,,75.8,79.9,19-Jun-17,8:47:11 PM,34.21923,-123.0534,CTD,CTD AT DEPTH,3M,20-Jun-17,3:47:36,,1
1706,505,Cycle 3,,75.8,79.9,19-Jun-17,8:54:27 PM,34.2192,-123.0534,CTD,CTD RECOVERED,3M,20-Jun-17,3:54:48,,1
1706,506,Cycle 3,,75.6,80.8,19-Jun-17,9:50:46 PM,34.2187,-123.1377,BONGO,BONGO DEPLOYED,3M,20-Jun-17,4:51:11,,1
1706,507,Cycle 3,,75.6,80.9,19-Jun-17,10:17:42 PM,34.21974,-123.145,BONGO,BONGO RECOVERED,3M,20-Jun-17,5:18:03,,1
1706,508,Cycle 3,,75.7,80.7,19-Jun-17,11:05:00 PM,34.20239,-123.1128,Ancillary,MOCNESS DEPLOYED,3M,20-Jun-17,6:05:26,,1
1706,509,Cycle 3,,75.6,81,20-Jun-17,12:15:59 AM,34.20573,-123.1462,Ancillary,MOCNESS RECOVERED,2M,20-Jun-17,7:16:19,,1
1706,510,Cycle 3,,75.7,80.7,20-Jun-17,2:02:57 AM,34.20087,-123.1077,CTD,CTD DEPLOYED,2M,20-Jun-17,9:03:22,,1
1706,511,Cycle 3,,75.7,80.7,20-Jun-17,2:17:21 AM,34.20089,-123.1077,CTD,CTD AT DEPTH,2M,20-Jun-17,9:17:41,,1
1706,512,Cycle 3,,75.7,80.7,20-Jun-17,2:44:14 AM,34.20089,-123.1077,CTD,CTD RECOVERED,2M,20-Jun-17,9:44:39,,1
1706,513,Cycle 3,,75.7,80.7,20-Jun-17,2:52:09 AM,34.20088,-123.1077,Ancillary,TRACE ROSETTE DEPLOYED,2M,20-Jun-17,9:52:32,,1
1706,514,Cycle 3,,75.7,80.7,20-Jun-17,3:13:25 AM,34.20081,-123.1078,Ancillary,TRACE ROSETTE RECOVERED,2M,20-Jun-17,10:13:48,,1
1706,515,Cycle 3,,76,78.2,20-Jun-17,4:32:59 AM,34.22673,-122.8989,TOWEDARRAY,DRIFTARRAY RECOVERED,CA,20-Jun-17,11:33:20,,1
1706,516,Cycle 3,,75.9,80.5,20-Jun-17,5:47:04 AM,34.17769,-123.0771,TOWEDARRAY,DRIFTARRAY DEPLOYED,CA,20-Jun-17,12:47:30,,1
1706,517,Cycle 3,,75.9,80.5,20-Jun-17,6:03:10 AM,34.17421,-123.0765,Ancillary,TRACE ROSETTE DEPLOYED,CA,20-Jun-17,13:03:31,,1
1706,518,Cycle 3,,75.9,80.5,20-Jun-17,6:22:43 AM,34.17418,-123.0765,Ancillary,TRACE ROSETTE RECOVERED,CA,20-Jun-17,13:23:07,,1
1706,519,Cycle 3,,76.1,80.4,20-Jun-17,8:33:19 AM,34.15285,-123.049,BONGO,BONGO DEPLOYED,3M,20-Jun-17,15:33:42,,1
1706,520,Cycle 3,,76,80.5,20-Jun-17,8:56:31 AM,34.15356,-123.0543,BONGO,BONGO RECOVERED,3M,20-Jun-17,15:56:56,,1
1706,521,Cycle 3,,76.1,80.2,20-Jun-17,9:33:04 AM,34.15523,-123.0338,BONGO,BONGO DEPLOYED,3M,20-Jun-17,16:33:24,,1
1706,522,Cycle 3,,76.1,80.3,20-Jun-17,9:55:52 AM,34.15578,-123.0386,BONGO,BONGO RECOVERED,3M,20-Jun-17,16:56:17,,1
1706,523,Cycle 3,,76.1,80.2,20-Jun-17,11:02:02 AM,34.14861,-123.0224,CTD,CTD DEPLOYED,3M,20-Jun-17,18:02:26,,1
1706,524,Cycle 3,,76.1,80.2,20-Jun-17,11:21:31 AM,34.14479,-123.0223,CTD,CTD AT DEPTH,3M,20-Jun-17,18:21:51,,1
1706,525,Cycle 3,,76.2,80.2,20-Jun-17,11:49:20 AM,34.14356,-123.0225,CTD,CTD RECOVERED,3M,20-Jun-17,18:49:45,,1
1706,526,Cycle 3,,76.4,80.2,20-Jun-17,1:13:30 PM,34.09944,-122.9949,Ancillary,MOCNESS DEPLOYED,2M,20-Jun-17,20:13:52,,1
1706,527,Cycle 3,,76.2,80.7,20-Jun-17,2:40:49 PM,34.11125,-123.0453,Ancillary,MOCNESS RECOVERED,2M,20-Jun-17,21:41:16,,1
1706,528,Cycle 3,,76,80.6,20-Jun-17,3:41:03 PM,34.1568,-123.0682,Ancillary,C FLUX EXP RECOVERED,2M,20-Jun-17,22:41:26,,1
1706,529,Cycle 3,,76,80.1,20-Jun-17,4:21:20 PM,34.1721,-123.031,CTD,CTD RECOVERED,CM,20-Jun-17,23:21:43,,1
1706,530,Cycle 3,,76.3,80.1,20-Jun-17,7:45:12 PM,34.11368,-122.9939,Ancillary,C FLUX EXP DEPLOYED,3M,21-Jun-17,2:45:33,,1
1706,531,Cycle 3,,76.4,80,20-Jun-17,8:08:16 PM,34.10864,-122.9823,Ancillary,C FLUX EXP DEPLOYED,3M,21-Jun-17,3:08:37,,1
1706,532,Cycle 3,,76.4,80.1,20-Jun-17,8:35:00 PM,34.11289,-122.9885,Ancillary,C FLUX EXP DEPLOYED,3M,21-Jun-17,3:35:24,,1
1706,533,Cycle 3,,76.3,80.1,20-Jun-17,8:48:33 PM,34.1129,-122.9921,BONGO,BONGO DEPLOYED,3M,21-Jun-17,3:48:57,,1
1706,534,Cycle 3,,76.3,80.2,20-Jun-17,9:13:47 PM,34.11256,-122.9991,BONGO,BONGO RECOVERED,3M,21-Jun-17,4:14:13,,1
1706,535,Cycle 3,,76.4,80,20-Jun-17,9:47:52 PM,34.10527,-122.9814,BONGO,BONGO DEPLOYED,3M,21-Jun-17,4:48:18,,1
1706,536,Cycle 3,,76.4,80.1,20-Jun-17,10:10:34 PM,34.10456,-122.9865,BONGO,BONGO RECOVERED,3M,21-Jun-17,5:11:00,,1
1706,537,Cycle 3,,76.5,80.1,20-Jun-17,10:50:26 PM,34.07937,-122.9666,Ancillary,MOCNESS DEPLOYED,3M,21-Jun-17,5:50:51,,1
1706,538,Cycle 3,,76.4,80.4,20-Jun-17,11:57:07 PM,34.09077,-123,Ancillary,MOCNESS RECOVERED,2M,21-Jun-17,6:57:30,,1
1706,539,Cycle 3,,76.5,79.9,21-Jun-17,2:01:21 AM,34.08683,-122.952,CTD,CTD DEPLOYED,2M,21-Jun-17,9:01:46,,1
1706,540,Cycle 3,,76.5,79.9,21-Jun-17,2:16:14 AM,34.08687,-122.952,CTD,CTD AT DEPTH,2M,21-Jun-17,9:16:37,,1
1706,541,Cycle 3,,76.5,79.9,21-Jun-17,2:41:12 AM,34.08686,-122.952,CTD,CTD RECOVERED,2M,21-Jun-17,9:41:38,,1
1706,542,Cycle 3,,76.9,78.4,21-Jun-17,4:10:55 AM,34.07335,-122.803,TOWEDARRAY,DRIFTARRAY RECOVERED,CA,21-Jun-17,11:11:20,,1
1706,543,Cycle 3,,76.7,79.6,21-Jun-17,5:15:30 AM,34.06394,-122.912,TOWEDARRAY,DRIFTARRAY DEPLOYED,CA,21-Jun-17,12:15:57,,1
1706,544,Cycle 3,,76.8,79.6,21-Jun-17,6:02:32 AM,34.0542,-122.9002,Ancillary,TRACE ROSETTE DEPLOYED,CA,21-Jun-17,13:02:59,,1
1706,545,Cycle 3,,76.8,79.5,21-Jun-17,6:30:42 AM,34.05246,-122.8963,Ancillary,TRACE ROSETTE RECOVERED,CA,21-Jun-17,13:31:07,,1
1706,546,Cycle 3,,76.9,79.3,21-Jun-17,8:33:54 AM,34.04397,-122.8721,BONGO,BONGO DEPLOYED,3M,21-Jun-17,15:34:18,,1
1706,547,Cycle 3,,76.9,79.4,21-Jun-17,8:57:26 AM,34.04497,-122.8763,BONGO,BONGO RECOVERED,3M,21-Jun-17,15:57:52,,1
1706,548,Cycle 3,,76.9,79.2,21-Jun-17,9:34:53 AM,34.04482,-122.8562,BONGO,BONGO DEPLOYED,3M,21-Jun-17,16:35:21,,1
1706,549,Cycle 3,,76.9,79.2,21-Jun-17,9:59:21 AM,34.04604,-122.8591,BONGO,BONGO RECOVERED,3M,21-Jun-17,16:59:45,,1
1706,550,Cycle 3,,77,78.8,21-Jun-17,11:00:41 AM,34.04581,-122.8213,CTD,CTD DEPLOYED,3M,21-Jun-17,18:01:05,SEA CONDITIONS: Moderate;DAY/NIGHT: Day,1
1706,551,Cycle 3,,77,78.8,21-Jun-17,11:20:09 AM,34.04528,-122.8206,CTD,CTD AT DEPTH,3M,21-Jun-17,18:20:35,SEA CONDITIONS: Moderate;DAY/NIGHT: Day,1
1706,552,Cycle 3,,77,78.8,21-Jun-17,11:44:10 AM,34.04317,-122.8175,CTD,CTD RECOVERED,3M,21-Jun-17,18:44:35,DAY/NIGHT: Day; SEA CONDITIONS: Moderate,1
1706,553,Cycle 3,,76.8,79,21-Jun-17,3:51:00 PM,34.07143,-122.8552,Ancillary,C FLUX EXP RECOVERED,2M,21-Jun-17,22:51:25,,1
1706,554,Cycle 3,,76.8,79.1,21-Jun-17,4:24:52 PM,34.07489,-122.8673,Ancillary,C FLUX EXP RECOVERED,CM,21-Jun-17,23:25:19,SEA CONDITIONS: Moderate;DAY/NIGHT: Day,1
1706,555,Cycle 3,,77.1,78.2,21-Jun-17,5:46:21 PM,34.03976,-122.7625,TM-GOFLO,TM G0-FLO DEPLOYED,CM,22-Jun-17,0:46:42,,1
1706,556,Cycle 3,,77.2,78.1,21-Jun-17,7:08:04 PM,34.03716,-122.7519,TM-GOFLO,TM GO-FLO RECOVERED,CM,22-Jun-17,2:08:30,,1
1706,557,Cycle 3,,77.2,77.8,21-Jun-17,8:38:04 PM,34.03507,-122.725,BONGO,BONGO DEPLOYED,3M,22-Jun-17,3:38:32,,1
1706,558,Cycle 3,,77.2,77.9,21-Jun-17,9:05:18 PM,34.03759,-122.7284,BONGO,BONGO RECOVERED,3M,22-Jun-17,4:05:44,,1
1706,559,Cycle 3,,77.3,77.7,21-Jun-17,9:36:00 PM,34.03204,-122.7098,BONGO,BONGO DEPLOYED,3M,22-Jun-17,4:36:21,,1
1706,560,Cycle 3,,77.3,77.7,21-Jun-17,9:59:38 PM,34.03258,-122.7116,BONGO,BONGO RECOVERED,3M,22-Jun-17,5:00:05,,1
1706,561,Cycle 3,,77.5,76.6,22-Jun-17,1:59:30 AM,34.01984,-122.6032,CTD,CTD DEPLOYED,2M,22-Jun-17,8:59:59,,1
1706,562,Cycle 3,,77.6,76.6,22-Jun-17,2:13:08 AM,34.01995,-122.5998,CTD,CTD AT DEPTH,2M,22-Jun-17,9:13:38,,1
1706,563,Cycle 3,,77.6,76.5,22-Jun-17,2:47:29 AM,34.01941,-122.5944,CTD,CTD RECOVERED,2M,22-Jun-17,9:47:53,,1
1706,564,Cycle 3,,77.6,76.5,22-Jun-17,2:57:42 AM,34.01837,-122.5921,Ancillary,TRACE ROSETTE DEPLOYED,2M,22-Jun-17,9:58:09,,1
1706,565,Cycle 3,,77.6,76.5,22-Jun-17,3:02:12 AM,34.01807,-122.5913,Ancillary,TRACE ROSETTE RECOVERED,2M,22-Jun-17,10:02:39,,1
1706,566,Cycle 3,,77.6,76.5,22-Jun-17,3:17:10 AM,34.01672,-122.5879,Ancillary,TRACE ROSETTE DEPLOYED,2M,22-Jun-17,10:17:34,,1
1706,567,Cycle 3,,77.6,76.5,22-Jun-17,3:37:11 AM,34.01611,-122.5837,Ancillary,TRACE ROSETTE RECOVERED,2M,22-Jun-17,10:37:40,,1
1706,568,Cycle 3,,77.6,76.4,22-Jun-17,4:05:15 AM,34.01513,-122.5783,TOWEDARRAY,DRIFTARRAY RECOVERED,CA,22-Jun-17,11:05:39,,1
1706,569,Cycle 3,,77.6,76.8,22-Jun-17,5:12:46 AM,34.00283,-122.6023,Ancillary,SEDIMENT TRAP RECOVERED,CA,22-Jun-17,12:13:13,,1
1706,570,Cycle 3,,76.9,78.4,22-Jun-17,7:18:25 AM,34.0793,-122.8114,Ancillary,C FLUX EXP RECOVERED,CA,22-Jun-17,14:18:55,,1
1706,571,Cycle 3,,77.8,77.8,22-Jun-17,8:33:05 AM,33.92891,-122.6496,Ancillary,MVP DEPLOYED,3M,22-Jun-17,15:33:30,,1
1706,572,Cycle 3,,78.6,78.7,22-Jun-17,12:23:27 PM,33.77317,-122.6222,Ancillary,MVP RECOVERED,3M,22-Jun-17,19:23:52,,1
1706,573,Cycle 3,,78.3,78.2,22-Jun-17,1:15:41 PM,33.84395,-122.6214,CTD,CTD DEPLOYED,2M,22-Jun-17,20:16:12,,1
1706,574,Cycle 3,,78.3,78.2,22-Jun-17,2:20:00 PM,33.84398,-122.6215,CTD,CTD AT DEPTH,2M,22-Jun-17,21:20:27,,1
1706,629,Cycle 3,,76.8,73.9,23-Jun-17,8:03:14 AM,34.23457,-122.4994,Ancillary,TEST,MR,23-Jun-17,15:03:45,,1
1706,630,Cycle 3,,75.3,78.3,23-Jun-17,11:07:44 AM,34.35752,-122.9982,Ancillary,MVP DEPLOYED,3M,23-Jun-17,18:08:05,,1
1706,631,Cycle 3,,75.3,78.2,23-Jun-17,5:10:20 PM,34.36233,-122.9979,Ancillary,MVP RECOVERED,CM,24-Jun-17,0:10:40,,1
1706,632,Cycle 3,,74.9,79.1,23-Jun-17,7:27:40 PM,34.40238,-123.104,Ancillary,C FLUX EXP DEPLOYED,CM,24-Jun-17,2:28:01,,1
1706,633,Cycle 3,,74.9,79,23-Jun-17,8:06:08 PM,34.40315,-123.0964,Ancillary,C FLUX EXP DEPLOYED,3M,24-Jun-17,3:06:30,,1
1706,634,Cycle 3,,74.9,79,23-Jun-17,10:13:53 PM,34.40699,-123.0958,Ancillary,C FLUX EXP DEPLOYED,3M,24-Jun-17,5:14:13,,1
1706,635,Cycle 3,,74.9,79,23-Jun-17,11:10:51 PM,34.40285,-123.0929,Ancillary,SEDIMENT TRAP DEPLOYED,3M,24-Jun-17,6:11:10,,1
1706,636,Cycle 3,,74.8,78.8,24-Jun-17,12:13:43 AM,34.42446,-123.095,Ancillary,SEDIMENT TRAP RECOVERED,2M,24-Jun-17,7:14:06,,1
1706,637,Cycle 3,,74.9,78.7,24-Jun-17,2:03:13 AM,34.40168,-123.0684,CTD,CTD DEPLOYED,2M,24-Jun-17,9:03:34,,1
1706,638,Cycle 3,,74.9,78.7,24-Jun-17,2:17:30 AM,34.4018,-123.0685,CTD,CTD AT DEPTH,2M,24-Jun-17,9:17:50,,1
1706,639,Cycle 3,,74.9,78.7,24-Jun-17,2:43:20 AM,34.40308,-123.0685,CTD,CTD RECOVERED,2M,24-Jun-17,9:43:40,,1
1706,640,Cycle 3,,74.9,78.7,24-Jun-17,2:51:21 AM,34.40272,-123.067,Ancillary,TRACE ROSETTE DEPLOYED,2M,24-Jun-17,9:51:44,,1
1706,641,Cycle 3,,74.9,78.7,24-Jun-17,3:10:46 AM,34.40273,-123.0669,Ancillary,TRACE ROSETTE RECOVERED,2M,24-Jun-17,10:11:08,,1
1706,642,Cycle 3,,75,78.7,24-Jun-17,4:22:17 AM,34.40089,-123.0657,TOWEDARRAY,DRIFTARRAY DEPLOYED,CA,24-Jun-17,11:22:39,,1
1706,643,Cycle 3,,75,78.6,24-Jun-17,6:03:01 AM,34.40047,-123.0571,Ancillary,TRACE ROSETTE DEPLOYED,CA,24-Jun-17,13:03:24,,1
1706,644,Cycle 3,,75,78.6,24-Jun-17,6:28:40 AM,34.40059,-123.0561,Ancillary,TRACE ROSETTE RECOVERED,CA,24-Jun-17,13:29:00,,1
1706,645,Cycle 3,,75,78.4,24-Jun-17,8:29:59 AM,34.40319,-123.042,BONGO,BONGO DEPLOYED,3M,24-Jun-17,15:30:24,,1
1706,646,Cycle 3,,75,78.5,24-Jun-17,8:54:39 AM,34.40703,-123.0493,BONGO,BONGO RECOVERED,3M,24-Jun-17,15:55:00,,1
1706,647,Cycle 3,,75,78.4,24-Jun-17,9:29:42 AM,34.40694,-123.0423,BONGO,BONGO DEPLOYED,3M,24-Jun-17,16:30:01,,1
1706,648,Cycle 3,,75,78.4,24-Jun-17,9:51:15 AM,34.40964,-123.0488,BONGO,BONGO RECOVERED,3M,24-Jun-17,16:51:37,,1
1706,649,Cycle 3,,75,78.3,24-Jun-17,10:59:27 AM,34.41449,-123.0378,CTD,CTD DEPLOYED,3M,24-Jun-17,17:59:48,,1
1706,650,Cycle 3,,75,78.3,24-Jun-17,11:18:06 AM,34.41477,-123.0377,CTD,CTD AT DEPTH,3M,24-Jun-17,18:18:27,,1
1706,651,Cycle 3,,75,78.3,24-Jun-17,11:51:23 AM,34.41525,-123.0374,CTD,CTD RECOVERED,2M,24-Jun-17,18:51:45,,1
1706,652,Cycle 3,,75,78.3,24-Jun-17,12:50:12 PM,34.41526,-123.0374,CTD,CTD DEPLOYED,2M,24-Jun-17,19:50:31,,1
1706,653,Cycle 3,,75,78.3,24-Jun-17,12:54:53 PM,34.41526,-123.0374,CTD,CTD AT DEPTH,2M,24-Jun-17,19:55:16,,1
1706,654,Cycle 3,,75,78.3,24-Jun-17,12:54:58 PM,34.41525,-123.0374,CTD,CTD RECOVERED,2M,24-Jun-17,19:55:21,,1
1706,655,Cycle 3,,75,78.3,24-Jun-17,1:02:35 PM,34.41526,-123.0374,CTD,CTD DEPLOYED,2M,24-Jun-17,20:02:59,,1
1706,656,Cycle 3,,75,78.3,24-Jun-17,1:06:36 PM,34.41526,-123.0374,CTD,CTD AT DEPTH,2M,24-Jun-17,20:06:58,,1
1706,657,Cycle 3,,75,78.3,24-Jun-17,1:22:37 PM,34.41526,-123.0374,CTD,CTD AT DEPTH,2M,24-Jun-17,20:22:59,,1
1706,658,Cycle 3,,75,78.3,24-Jun-17,1:47:25 PM,34.41525,-123.0374,CTD,CTD RECOVERED,2M,24-Jun-17,20:47:45,,1
1706,659,Cycle 3,,75.1,77.8,24-Jun-17,2:22:18 PM,34.41069,-122.9875,Ancillary,MOCNESS DEPLOYED,2M,24-Jun-17,21:22:40,,1
1706,660,Cycle 3,,75.1,78.3,24-Jun-17,3:31:35 PM,34.39309,-123.0261,Ancillary,MOCNESS RECOVERED,2M,24-Jun-17,22:31:56,,1
1706,661,Cycle 3,,74.9,78.1,24-Jun-17,4:10:53 PM,34.42159,-123.031,Ancillary,C FLUX EXP RECOVERED,CM,24-Jun-17,23:11:14,SEA CONDITIONS: Calm;DAY/NIGHT: Day,1
1706,662,Cycle 3,,74.9,78.4,24-Jun-17,4:34:16 PM,34.41737,-123.0535,Ancillary,C FLUX EXP RECOVERED,CM,24-Jun-17,23:34:38,SEA CONDITIONS: Calm;DAY/NIGHT: Day,1
1706,663,Cycle 3,,75,77.8,24-Jun-17,5:35:19 PM,34.41509,-122.9972,CTD,CTD DEPLOYED,CM,25-Jun-17,0:35:44,,1
1706,664,Cycle 3,,75,77.8,24-Jun-17,5:49:37 PM,34.41509,-122.9973,CTD,CTD AT DEPTH,CM,25-Jun-17,0:50:04,,1
1706,665,Cycle 3,,75,77.8,24-Jun-17,6:10:42 PM,34.41508,-122.9973,CTD,CTD RECOVERED,CM,25-Jun-17,1:11:05,,1
1706,666,Cycle 3,,75,78,24-Jun-17,7:22:17 PM,34.42183,-123.0168,CTD,CTD DEPLOYED,CM,25-Jun-17,2:22:44,,1
1706,667,Cycle 3,,75,78,24-Jun-17,7:22:46 PM,34.42183,-123.0168,Ancillary,C FLUX EXP DEPLOYED,CM,25-Jun-17,2:22:44,,1
1706,667,Cycle 3,,75,78,24-Jun-17,7:38:20 PM,34.42213,-123.0133,Ancillary,C FLUX EXP DEPLOYED,CM,25-Jun-17,2:38:40,,1
1706,668,Cycle 3,,75,77.9,24-Jun-17,8:02:25 PM,34.42373,-123.0067,CTD,CTD DEPLOYED,3M,25-Jun-17,3:02:44,,1
1706,669,Cycle 3,,75,77.9,24-Jun-17,8:12:59 PM,34.42447,-123.0067,CTD,CTD AT DEPTH,3M,25-Jun-17,3:13:20,,1
1706,670,Cycle 3,,75,77.9,24-Jun-17,8:23:57 PM,34.42539,-123.0067,CTD,CTD RECOVERED,3M,25-Jun-17,3:24:23,,1
1706,671,Cycle 3,,74.9,77.9,24-Jun-17,9:35:59 PM,34.43013,-123.0097,BONGO,BONGO DEPLOYED,3M,25-Jun-17,4:36:22,,1
1706,672,Cycle 3,,74.9,77.9,24-Jun-17,9:59:02 PM,34.43319,-123.018,BONGO,BONGO RECOVERED,3M,25-Jun-17,4:59:25,,1
1706,673,Cycle 3,,75,77.4,24-Jun-17,11:08:55 PM,34.43613,-122.9741,Ancillary,MOCNESS DEPLOYED,3M,25-Jun-17,6:09:18,,1
1706,674,Cycle 3,,74.9,77.8,25-Jun-17,12:15:31 AM,34.44299,-123.0167,Ancillary,MOCNESS RECOVERED,2M,25-Jun-17,7:15:52,,1
1706,675,Cycle 3,,74.9,77.5,25-Jun-17,2:04:15 AM,34.44821,-122.9853,CTD,CTD DEPLOYED,2M,25-Jun-17,9:04:36,,1
1706,676,Cycle 3,,74.9,77.4,25-Jun-17,2:27:45 AM,34.4485,-122.9848,CTD,CTD AT DEPTH,2M,25-Jun-17,9:28:03,,1
1706,677,Cycle 3,,74.9,77.4,25-Jun-17,2:48:28 AM,34.4474,-122.9833,CTD,CTD RECOVERED,2M,25-Jun-17,9:48:50,,1
1706,678,Cycle 3,,74.9,77.4,25-Jun-17,3:00:27 AM,34.44682,-122.9814,Ancillary,TRACE ROSETTE DEPLOYED,2M,25-Jun-17,10:00:48,,1
1706,679,Cycle 3,,74.9,77.4,25-Jun-17,3:12:28 AM,34.44665,-122.9807,Ancillary,TRACE ROSETTE RECOVERED,2M,25-Jun-17,10:12:50,,1
1706,680,Cycle 3,,74.9,77.3,25-Jun-17,4:12:52 AM,34.45076,-122.9737,TOWEDARRAY,DRIFTARRAY RECOVERED,CA,25-Jun-17,11:13:13,,1
1706,681,Cycle 3,,74.9,77.3,25-Jun-17,4:23:56 AM,34.45025,-122.9739,TOWEDARRAY,DRIFTARRAY DEPLOYED,CA,25-Jun-17,11:24:19,,1
1706,682,Cycle 3,,74.9,77.3,25-Jun-17,5:59:27 AM,34.44876,-122.9721,Ancillary,TRACE ROSETTE DEPLOYED,CA,25-Jun-17,12:59:50,,1
1706,683,Cycle 3,,74.9,77.3,25-Jun-17,6:16:58 AM,34.4487,-122.9726,Ancillary,TRACE ROSETTE RECOVERED,CA,25-Jun-17,13:17:23,,1
1706,684,Cycle 3,,74.9,77.3,25-Jun-17,8:29:34 AM,34.44817,-122.9721,BONGO,BONGO DEPLOYED,3M,25-Jun-17,15:29:58,,1
1706,685,Cycle 3,,74.9,77.4,25-Jun-17,8:54:42 AM,34.45117,-122.9818,BONGO,BONGO RECOVERED,3M,25-Jun-17,15:55:04,,1
1706,686,Cycle 3,,74.9,77.3,25-Jun-17,9:30:25 AM,34.454,-122.9703,BONGO,BONGO DEPLOYED,3M,25-Jun-17,16:30:45,,1
1706,687,Cycle 3,,74.9,77.3,25-Jun-17,9:52:13 AM,34.45639,-122.9784,BONGO,BONGO RECOVERED,3M,25-Jun-17,16:52:36,,1
1706,688,Cycle 3,,74.9,77.3,25-Jun-17,10:57:35 AM,34.46513,-122.9795,CTD,CTD DEPLOYED,3M,25-Jun-17,17:57:55,SEA CONDITIONS: Calm;DAY/NIGHT: Day,1
1706,689,Cycle 3,,74.9,77.3,25-Jun-17,11:17:14 AM,34.4655,-122.9792,CTD,CTD AT DEPTH,3M,25-Jun-17,18:17:36,SEA CONDITIONS: Calm;DAY/NIGHT: Day,1
1706,690,Cycle 3,,74.9,77.2,25-Jun-17,11:45:30 AM,34.46618,-122.9787,CTD,CTD RECOVERED,3M,25-Jun-17,18:45:49,,1
1706,691,Cycle 3,,75,77,25-Jun-17,1:04:52 PM,34.44651,-122.9405,Ancillary,MOCNESS DEPLOYED,2M,25-Jun-17,20:05:14,,1
1706,692,Cycle 3,,75,77.7,25-Jun-17,2:29:21 PM,34.42763,-122.9912,Ancillary,MOCNESS RECOVERED,2M,25-Jun-17,21:29:43,,1
1706,693,Cycle 3,,74.8,77.4,25-Jun-17,5:55:53 PM,34.46923,-122.9928,TM PUMP,MCLANE PUMP DEPLOYED,CM,26-Jun-17,0:56:20,,1
1706,694,Cycle 3,,74.8,77.4,25-Jun-17,7:20:45 PM,34.4696,-122.9931,TM PUMP,MCLANE PUMP RECOVERED,CM,26-Jun-17,2:21:06,SEA CONDITIONS: Calm;DAY/NIGHT: Day,1
1706,695,Cycle 3,,74.8,77,25-Jun-17,9:37:57 PM,34.48664,-122.9739,BONGO,BONGO DEPLOYED,3M,26-Jun-17,4:38:16,,1
1706,696,Cycle 3,,74.8,77.1,25-Jun-17,10:00:40 PM,34.48179,-122.9741,BONGO,BONGO RECOVERED,3M,26-Jun-17,5:01:01,,1
1706,697,Cycle 3,,74.8,76.8,25-Jun-17,11:02:20 PM,34.48953,-122.9491,Ancillary,MOCNESS DEPLOYED,3M,26-Jun-17,6:02:42,,1
1706,698,Cycle 3,,74.7,77.2,26-Jun-17,12:03:48 AM,34.49342,-122.9897,Ancillary,MOCNESS RECOVERED,2M,26-Jun-17,7:04:12,,1
1706,699,Cycle 3,,74.7,76.9,26-Jun-17,1:59:16 AM,34.50976,-122.9746,CTD,CTD DEPLOYED,2M,26-Jun-17,8:59:39,,1
1706,700,Cycle 3,,74.7,76.9,26-Jun-17,2:14:31 AM,34.51,-122.9738,CTD,CTD AT DEPTH,2M,26-Jun-17,9:14:54,,1
1706,701,Cycle 3,,74.7,76.8,26-Jun-17,2:46:41 AM,34.50936,-122.9711,CTD,CTD RECOVERED,2M,26-Jun-17,9:47:04,,1
1706,702,Cycle 3,,74.7,76.8,26-Jun-17,2:52:45 AM,34.50904,-122.9705,Ancillary,TRACE ROSETTE DEPLOYED,2M,26-Jun-17,9:53:06,,1
1706,703,Cycle 3,,74.7,76.8,26-Jun-17,3:13:28 AM,34.50889,-122.97,Ancillary,TRACE ROSETTE RECOVERED,2M,26-Jun-17,10:13:52,,1
1706,704,Cycle 3,,74.7,76.8,26-Jun-17,4:01:21 AM,34.50915,-122.9698,TOWEDARRAY,DRIFTARRAY RECOVERED,CA,26-Jun-17,11:01:48,,1
1706,705,Cycle 3,,74.6,77.3,26-Jun-17,5:01:00 AM,34.50568,-123.0083,Ancillary,SEDIMENT TRAP RECOVERED,CA,26-Jun-17,12:01:23,,1
1706,706,Cycle 3,,74.7,78.8,26-Jun-17,6:32:21 AM,34.43345,-123.1008,Ancillary,C FLUX EXP RECOVERED,CA,26-Jun-17,13:32:45,,1
1706,707,Cycle 3,,74.9,77.9,26-Jun-17,7:11:07 AM,34.44491,-123.0205,Ancillary,C FLUX EXP RECOVERED,CA,26-Jun-17,14:11:30,,1
1706,708,Cycle 3,,74.8,77.4,26-Jun-17,7:32:53 AM,34.46978,-122.9915,Ancillary,C FLUX EXP RECOVERED,CA,26-Jun-17,14:33:19,,1
1706,709,Cycle 3,,78.7,85.3,26-Jun-17,12:54:50 PM,33.52487,-123.0545,Ancillary,SEASOAR DEPLOYED,2M,26-Jun-17,19:55:14,,1
1706,775,Cycle 4,,71.9,54.7,29-Jun-17,10:25:07 PM,35.72506,-121.7526,Ancillary,SEASOAR RECOVERED,3M,30-Jun-17,5:25:45,SEA CONDITIONS: Moderate,1
1706,776,Cycle 4,,73.8,49.5,30-Jun-17,2:09:42 AM,35.57866,-121.167,CTD,CTD DEPLOYED,2M,30-Jun-17,9:10:16,,1
1706,777,Cycle 4,,73.8,49.5,30-Jun-17,2:19:47 AM,35.57867,-121.167,CTD,CTD AT DEPTH,2M,30-Jun-17,9:20:21,,1
1706,778,Cycle 4,,73.8,49.5,30-Jun-17,2:28:30 AM,35.57869,-121.167,CTD,CTD RECOVERED,2M,30-Jun-17,9:29:06,,1
1706,779,Cycle 4,,73.8,49.5,30-Jun-17,2:40:47 AM,35.57871,-121.167,TM-GOFLO,TM G0-FLO DEPLOYED,2M,30-Jun-17,9:41:28,,1
1706,780,Cycle 4,,73.8,49.5,30-Jun-17,2:48:54 AM,35.57868,-121.167,TM-GOFLO,TM GO-FLO RECOVERED,2M,30-Jun-17,9:49:33,,1
1706,781,Cycle 4,,74.4,49.1,30-Jun-17,4:01:26 AM,35.47571,-121.0557,CTD,CTD DEPLOYED,CA,30-Jun-17,11:02:02,,1
1706,782,Cycle 4,,74.4,49.1,30-Jun-17,4:09:23 AM,35.47575,-121.0557,CTD,CTD AT DEPTH,CA,30-Jun-17,11:10:01,,1
1706,783,Cycle 4,,74.4,49.1,30-Jun-17,4:16:16 AM,35.47575,-121.0557,CTD,CTD RECOVERED,CA,30-Jun-17,11:16:50,,1
1706,784,Cycle 4,,74.4,49.1,30-Jun-17,4:23:06 AM,35.47571,-121.0557,TM-GOFLO,TM G0-FLO DEPLOYED,CA,30-Jun-17,11:23:38,,1
1706,785,Cycle 4,,74.4,49.1,30-Jun-17,4:36:01 AM,35.47569,-121.0557,TM-GOFLO,TM GO-FLO RECOVERED,CA,30-Jun-17,11:36:37,,1
1706,786,Cycle 4,,75.2,48.6,30-Jun-17,5:39:25 AM,35.36032,-120.9246,CTD,CTD DEPLOYED,CA,30-Jun-17,12:40:02,,1
1706,787,Cycle 4,,75.2,48.6,30-Jun-17,5:47:12 AM,35.36027,-120.9248,CTD,CTD AT DEPTH,CA,30-Jun-17,12:47:51,,1
1706,788,Cycle 4,,75.2,48.6,30-Jun-17,5:54:58 AM,35.36026,-120.9248,CTD,CTD RECOVERED,CA,30-Jun-17,12:55:30,,1
1706,789,Cycle 4,,75.2,48.6,30-Jun-17,6:00:10 AM,35.36026,-120.9248,TM-GOFLO,TM G0-FLO DEPLOYED,CA,30-Jun-17,13:00:45,,1
1706,790,Cycle 4,,75.2,48.6,30-Jun-17,6:12:53 AM,35.36024,-120.9248,TM-GOFLO,TM GO-FLO RECOVERED,CA,30-Jun-17,13:13:33,,1
1706,791,Cycle 4,,76.7,49,30-Jun-17,8:18:43 AM,35.08555,-120.7717,CTD,CTD DEPLOYED,3M,30-Jun-17,15:19:18,,1
1706,792,Cycle 4,,76.7,49,30-Jun-17,8:27:56 AM,35.08555,-120.7717,CTD,CTD AT DEPTH,3M,30-Jun-17,15:28:33,,1
1706,793,Cycle 4,,76.7,49,30-Jun-17,8:34:10 AM,35.08554,-120.7717,CTD,CTD RECOVERED,3M,30-Jun-17,15:34:44,,1
1706,794,Cycle 4,,76.7,49,30-Jun-17,8:42:25 AM,35.08554,-120.7717,TM-GOFLO,TM G0-FLO DEPLOYED,3M,30-Jun-17,15:43:02,,1
1706,795,Cycle 4,,77.7,50.1,30-Jun-17,10:11:15 AM,34.88247,-120.7368,CTD,CTD DEPLOYED,3M,30-Jun-17,17:11:50,,1
1706,796,Cycle 4,,77.7,50.1,30-Jun-17,10:20:06 AM,34.88245,-120.7368,CTD,CTD AT DEPTH,3M,30-Jun-17,17:20:39,,1
1706,797,Cycle 4,,77.7,50.1,30-Jun-17,10:26:25 AM,34.88248,-120.7368,CTD,CTD RECOVERED,3M,30-Jun-17,17:27:00,,1
1706,798,Cycle 4,,77.7,50.1,30-Jun-17,10:35:58 AM,34.88246,-120.7367,TM-GOFLO,TM G0-FLO DEPLOYED,3M,30-Jun-17,17:36:35,,1
1706,799,Cycle 4,,77.7,50.1,30-Jun-17,10:44:49 AM,34.88246,-120.7368,TM-GOFLO,TM GO-FLO RECOVERED,3M,30-Jun-17,17:45:30,,1
1706,800,Cycle 4,,78.6,51.2,30-Jun-17,11:58:03 AM,34.69179,-120.7096,CTD,CTD DEPLOYED,2M,30-Jun-17,18:58:37,,1
1706,801,Cycle 4,,78.6,51.2,30-Jun-17,12:04:51 PM,34.69181,-120.7096,CTD,CTD AT DEPTH,2M,30-Jun-17,19:05:30,,1
1706,802,Cycle 4,,78.6,51.2,30-Jun-17,12:11:45 PM,34.69184,-120.7096,CTD,CTD RECOVERED,2M,30-Jun-17,19:12:22,,1
1706,803,Cycle 4,,78.6,51.2,30-Jun-17,12:19:17 PM,34.69184,-120.7096,TM-GOFLO,TM G0-FLO DEPLOYED,2M,30-Jun-17,19:19:55,,1
1706,804,Cycle 4,,78.6,51.2,30-Jun-17,12:25:45 PM,34.69185,-120.7096,TM-GOFLO,TM GO-FLO RECOVERED,2M,30-Jun-17,19:26:22,,1
1706,805,Cycle 4,,79.2,51.9,30-Jun-17,1:25:51 PM,34.56482,-120.6841,CTD,CTD DEPLOYED,2M,30-Jun-17,20:26:27,,1
1706,806,Cycle 4,,79.2,51.9,30-Jun-17,1:29:24 PM,34.56485,-120.6842,CTD,CTD AT DEPTH,2M,30-Jun-17,20:30:01,,1
1706,807,Cycle 4,,79.2,51.9,30-Jun-17,1:40:38 PM,34.56486,-120.6841,CTD,CTD RECOVERED,2M,30-Jun-17,20:41:14,,1
1706,808,Cycle 4,,79.2,51.9,30-Jun-17,1:44:49 PM,34.56485,-120.6841,TM-GOFLO,TM G0-FLO DEPLOYED,2M,30-Jun-17,20:45:29,,1
1706,809,Cycle 4,,79.2,51.9,30-Jun-17,1:53:41 PM,34.56485,-120.6842,TM-GOFLO,TM GO-FLO RECOVERED,2M,30-Jun-17,20:54:19,,1
1706,810,Cycle 4,,80,50.9,30-Jun-17,3:11:07 PM,34.46265,-120.5203,CTD,CTD DEPLOYED,2M,30-Jun-17,22:11:42,,1
1706,811,Cycle 4,,80,50.9,30-Jun-17,3:18:45 PM,34.46269,-120.5202,CTD,CTD AT DEPTH,2M,30-Jun-17,22:19:22,,1
1706,812,Cycle 4,,80,50.9,30-Jun-17,3:25:04 PM,34.4627,-120.5203,CTD,CTD RECOVERED,2M,30-Jun-17,22:25:38,,1
1706,813,Cycle 4,,80,50.9,30-Jun-17,3:32:51 PM,34.4627,-120.5202,TM-GOFLO,TM G0-FLO DEPLOYED,2M,30-Jun-17,22:33:32,,1
1706,814,Cycle 4,,80,50.9,30-Jun-17,3:41:06 PM,34.4627,-120.5203,TM-GOFLO,TM GO-FLO RECOVERED,2M,30-Jun-17,22:41:41,,1
1706,815,Cycle 4,,80.4,49.9,30-Jun-17,4:42:29 PM,34.4222,-120.4066,CTD,CTD DEPLOYED,CM,30-Jun-17,23:43:03,,1
1706,816,Cycle 4,,80.4,49.9,30-Jun-17,4:51:29 PM,34.42218,-120.4067,CTD,CTD AT DEPTH,CM,30-Jun-17,23:52:03,,1
1706,817,Cycle 4,,80.4,49.9,30-Jun-17,4:55:56 PM,34.42219,-120.4067,CTD,CTD RECOVERED,CM,30-Jun-17,23:56:32,,1
1706,818,Cycle 4,,80.4,49.9,30-Jun-17,5:03:29 PM,34.42219,-120.4067,TM-GOFLO,TM G0-FLO DEPLOYED,CM,1-Jul-17,0:04:06,,1
1706,819,Cycle 4,,84.8,46.9,1-Jul-17,6:47:37 AM,33.74929,-119.6684,Ancillary,MVP DEPLOYED,CA,1-Jul-17,13:48:15,,1
1706,820,Cycle 4,,85.7,42.4,1-Jul-17,9:24:51 AM,33.75039,-119.2543,CTD,CTD DEPLOYED,3M,1-Jul-17,16:25:30,,1
1706,821,Cycle 4,,85.7,42.4,1-Jul-17,9:35:23 AM,33.75038,-119.2543,CTD,CTD AT DEPTH,3M,1-Jul-17,16:36:01,,1
1706,822,Cycle 4,,85.7,42.4,1-Jul-17,9:44:51 AM,33.75039,-119.2544,CTD,CTD RECOVERED,3M,1-Jul-17,16:45:32,,1
1706,823,Cycle 4,,85.5,43.2,1-Jul-17,10:29:37 AM,33.74931,-119.3336,CTD,CTD DEPLOYED,3M,1-Jul-17,17:30:15,,1
1706,824,Cycle 4,,85.5,43.2,1-Jul-17,10:40:18 AM,33.74934,-119.3336,CTD,CTD AT DEPTH,3M,1-Jul-17,17:40:56,,1
1706,825,Cycle 4,,85.5,43.2,1-Jul-17,10:48:52 AM,33.74927,-119.3334,CTD,CTD RECOVERED,3M,1-Jul-17,17:49:30,,1
1706,826,Cycle 4,,85.4,44.1,1-Jul-17,11:29:57 AM,33.75018,-119.4163,CTD,CTD DEPLOYED,3M,1-Jul-17,18:30:34,,1
1706,827,Cycle 4,,85.4,44.1,1-Jul-17,11:41:08 AM,33.75005,-119.4163,CTD,CTD AT DEPTH,3M,1-Jul-17,18:41:45,,1
1706,828,Cycle 4,,85.4,44.1,1-Jul-17,11:50:44 AM,33.74992,-119.4165,CTD,CTD RECOVERED,2M,1-Jul-17,18:51:26,,1
1706,829,Cycle 4,,85.2,45.1,1-Jul-17,12:27:51 PM,33.75004,-119.5002,CTD,CTD DEPLOYED,2M,1-Jul-17,19:28:30,,1
1706,830,Cycle 4,,85.2,45.1,1-Jul-17,1:00:26 PM,33.75003,-119.5003,CTD,CTD AT DEPTH,2M,1-Jul-17,20:01:05,,1
1706,831,Cycle 4,,85.2,45.1,1-Jul-17,1:39:25 PM,33.75005,-119.5003,CTD,CTD RECOVERED,2M,1-Jul-17,20:39:58,,1
1706,832,Cycle 4,,85,46,1-Jul-17,2:23:10 PM,33.74903,-119.5837,CTD,CTD DEPLOYED,2M,1-Jul-17,21:23:45,,1
1706,833,Cycle 4,,85,46,1-Jul-17,2:34:08 PM,33.74909,-119.5837,CTD,CTD AT DEPTH,2M,1-Jul-17,21:34:46,,1
1706,834,Cycle 4,,85,46,1-Jul-17,2:41:55 PM,33.74907,-119.5837,CTD,CTD RECOVERED,2M,1-Jul-17,21:42:35,,1
1706,835,Cycle 4,,84.8,46.9,1-Jul-17,3:21:50 PM,33.74965,-119.6645,CTD,CTD DEPLOYED,2M,1-Jul-17,22:22:24,,1
1706,836,Cycle 4,,84.8,46.9,1-Jul-17,3:33:31 PM,33.74955,-119.6647,CTD,CTD AT DEPTH,2M,1-Jul-17,22:34:07,,1
1706,837,Cycle 4,,84.8,46.9,1-Jul-17,3:41:34 PM,33.74953,-119.6648,CTD,CTD RECOVERED,2M,1-Jul-17,22:42:11,,1
1706,838,Cycle 4,,84.8,46.9,1-Jul-17,3:46:06 PM,33.75003,-119.6651,Ancillary,MVP DEPLOYED,CM,1-Jul-17,22:46:46,,1
1706,839,Cycle 4,,85.7,42.4,1-Jul-17,6:16:48 PM,33.74999,-119.2597,Ancillary,MVP RECOVERED,CM,2-Jul-17,1:17:26,,1